WORK_RECOMMENDATION_DTL_ID_A,WORK_RECOMMENDATION_DTL_ID_B,district,category,text_similarity,days_apart,amount_ratio,same_vendor,spatial_compatibility,match_typology,duplicate_suspicion_score,description_A,description_B,reason
186531.0,186532.0,PUNE(DISTRICT COLLECTOR PUNE_IDA),Normal/Others,0.998,0,1.0,True,ADJACENT_SEGMENT,CONTRACT_TRANCHE_SPLIT,0.998,"Asphalting of roads in lane no. 01 and 02 at Sai Ganesh Park, S.N. 122, Khandwe Nagar, Lohegaon.
","Asphalting of roads in lane no. 03 and 04 at Sai Ganesh Park, S.N. 122, Khandwe Nagar, Lohegaon.","Potential engineered contract split candidate: Shared site (Adjacent segments at Sai Ganesh Park, Lohegaon, Khandwe Nagar: Lane 01 and 02 vs Lane 03 and 04) with adjacent segment partitioning totaling Rs. 20.00L assigned to the same vendor; recommended for procurement review to verify tender ceiling compliance."
215132.0,215133.0,NAGPUR(DISTRICT COLLECTOR NAGPUR_IDA),Normal/Others,0.878,0,1.0,True,IDENTICAL_SITE,TRUE_DUPLICATE,0.99,"Cosntruction of road with drainage from Gokul Nagar Main road to residence of Mr.Gaurav, Kalamna","Cosntruction of road with drainage from Main road to residence of Manish Sahu and Main road to residence of Harsha Paunikar, Gokul Nagar, Kalamna","High-confidence candidate for duplicate sanction: Identical physical site and scope (Same village/area: Kalamna, Gokul Nagar), pending physical confirmation."
303326.0,303334.0,NAGPUR(DISTRICT COLLECTOR NAGPUR_IDA),Normal/Others,0.914,0,1.0,False,IDENTICAL_SITE,TRUE_DUPLICATE,0.99,"CONSTRUCTION OF ROAD AT SONEGAON BORI, TA. NAGPUR FROM MR. LATIF SAWARE HOME TO MR. RAVI RAMTEKE HOME","CONSTRUCTION OF ROAD AT SONEGAON BORI, TA. NAGPUR MR. SHARAD RAMTEKE TO MR. MAHENDRA BHONGADE HOME","High-confidence candidate for duplicate sanction: Identical physical site and scope (Same village/area: Sonegaon Bori), pending physical confirmation."
210260.0,210261.0,PUNE(DISTRICT COLLECTOR PUNE_IDA),Normal/Others,0.92,0,1.0,False,IDENTICAL_SITE,TRUE_DUPLICATE,0.99,"Construction of a bus stop at Yerwada Metro Station in Pune Lok Sabha Constituency.
",Construction of a bus stop near Nagar Road Zonal Office adjacent to Yerwada Metro Station in Pune Lok Sabha Constituency.,"High-confidence candidate for duplicate sanction: Identical physical site and scope (Same village/area: Yerwada), pending physical confirmation."
303322.0,303334.0,NAGPUR(DISTRICT COLLECTOR NAGPUR_IDA),Normal/Others,0.91,0,1.0,False,IDENTICAL_SITE,TRUE_DUPLICATE,0.99,CONSTRUCTION OF ROAD AT SONEGAON BORI TA. NAGPUR FROM MAIN ROAD TO MR. SHANKAR KHAPNE  HOME,"CONSTRUCTION OF ROAD AT SONEGAON BORI, TA. NAGPUR MR. SHARAD RAMTEKE TO MR. MAHENDRA BHONGADE HOME","High-confidence candidate for duplicate sanction: Identical physical site and scope (Same village/area: Sonegaon Bori), pending physical confirmation."
303322.0,303326.0,NAGPUR(DISTRICT COLLECTOR NAGPUR_IDA),Normal/Others,0.895,0,1.0,False,IDENTICAL_SITE,TRUE_DUPLICATE,0.99,CONSTRUCTION OF ROAD AT SONEGAON BORI TA. NAGPUR FROM MAIN ROAD TO MR. SHANKAR KHAPNE  HOME,"CONSTRUCTION OF ROAD AT SONEGAON BORI, TA. NAGPUR FROM MR. LATIF SAWARE HOME TO MR. RAVI RAMTEKE HOME","High-confidence candidate for duplicate sanction: Identical physical site and scope (Same village/area: Sonegaon Bori), pending physical confirmation."
195289.0,195114.0,WARDHA(DISTRICT COLLECTOR WARDHA_IDA),Normal/Others,0.855,0,0.4,False,IDENTICAL_SITE,TRUE_DUPLICATE,0.99,"Construction of cement drain from Subhash Aawate to Ashok Sonawane house in Mauja Shirpur Taluka Arvi, District Wardha","Construction of cement road from Subhash Avate to Ashok Sonawane house at Mauja Shirpur Taluka Arvi, District Wardha","High-confidence candidate for duplicate sanction: Identical physical site and scope (Same village/area: Shirpur), pending physical confirmation."
248484.0,248485.0,NAGPUR(DISTRICT COLLECTOR NAGPUR_IDA),Normal/Others,0.886,7,1.0,False,IDENTICAL_SITE,TRUE_DUPLICATE,0.95,"CONSTRUCTION OF CEMENT ROAD AT SALAI, TA. SAONER MR. DHANRAJ AMBARTE HOME TO MR. SITARAM BELEKAR HOME","CONSTRUCTION OF CEMENT ROAD AT SALAI, TA. SAONER MR. VASANTRAOJI AMBARTE HOME TO MR. MAHADEV WAKHORE HOME","High-confidence candidate for duplicate sanction: Identical physical site and scope (Same village/area: Salai), pending physical confirmation."
248291.0,280871.0,NAGPUR(DISTRICT COLLECTOR NAGPUR_IDA),Normal/Others,0.895,111,1.0,False,IDENTICAL_SITE,TRUE_DUPLICATE,0.95,"CHAIN LINK FENCE TO PLAYGROUND AT BORUJWADA, TA. SAONER DEVELOPMENT NEAR HANUMAN MANDIR AREA OF MOUJA BORUJWADA, TA. SAONER","DEVELOPMENTOF AREA AT BORUJWADA, TA. SAONER NEAR HANUMAN TEMPLE N PROTECTION OF CHAIN FENCING TO OPEN PLAYGROUND","High-confidence candidate for duplicate sanction: Identical physical site and scope (Same village/area: Borujwada), pending physical confirmation."
254347.0,278484.0,AMRAVATI(DISTRICT COLLECTOR AMRAVATI_IDA),Normal/Others,0.891,122,0.667,False,IDENTICAL_SITE,TRUE_DUPLICATE,0.95,Construction of a Gram Panchayat building at Nandgaon T. Varud in Amravati district.,"Construction of Gram Panchayat Bhavan at Nandgaon T. Varad, Dist. Amravati","High-confidence candidate for duplicate sanction: Identical physical site and scope (Same village/area: Nandgaon), pending physical confirmation."
298891.0,298895.0,PUNE(DISTRICT COLLECTOR PUNE_IDA),Normal/Others,0.851,0,1.0,False,UNRESOLVED_ENTITIES,UNRESOLVED_SIMILAR_WORK,0.811,Construction of a library building on Municipal Corporation land at Dattawadi in the Pune Lok Sabha constituency. (SC),Construction of a library on Municipal Corporation land at Shivdarshan-Parvati by the Sangharsh Pratishthan within the Pune Lok Sabha constituency.,"Candidate for overlap review (spatial disambiguation inconclusive -- no entity anchors extracted; textual similarity 85%), pending manual site disambiguation."
211051.0,245049.0,PUNE(DISTRICT COLLECTOR PUNE_IDA),Normal/Others,0.996,131,1.0,False,UNRESOLVED_ENTITIES,UNRESOLVED_SIMILAR_WORK,0.752,Purchase of books for a government-approved library,Purchase of books for a government approved library,"Candidate for overlap review (spatial disambiguation inconclusive -- no entity anchors extracted; textual similarity 100%), pending manual site disambiguation."
254344.0,259004.0,WARDHA(DISTRICT COLLECTOR WARDHA_IDA),Normal/Others,0.875,28,0.379,False,UNRESOLVED_ENTITIES,UNRESOLVED_SIMILAR_WORK,0.732,"Installation of cement concrete benches  Wardha taluka Alodi (Satoda), Pipri (Meghe), Paloti, Umri (Meghe), Sidi (Meghe), Sawangi Meghe, Nalwadi, Borgaon Meghe total 100 benches.","Installation of cement concrete benches at various places under Gram Panchayat Pipri (Meghe),  Ta.Dist. Wardha.","Candidate for overlap review (spatial disambiguation inconclusive -- no entity anchors extracted; textual similarity 88%), pending manual site disambiguation."
254344.0,259006.0,WARDHA(DISTRICT COLLECTOR WARDHA_IDA),Normal/Others,0.87,28,0.143,False,UNRESOLVED_ENTITIES,UNRESOLVED_SIMILAR_WORK,0.705,"Installation of cement concrete benches  Wardha taluka Alodi (Satoda), Pipri (Meghe), Paloti, Umri (Meghe), Sidi (Meghe), Sawangi Meghe, Nalwadi, Borgaon Meghe total 100 benches.","Installation of cement concrete benches at various places under Gram Panchayat Sidi (Meghe), Ta. Dist. Wardha.","Candidate for overlap review (spatial disambiguation inconclusive -- no entity anchors extracted; textual similarity 87%), pending manual site disambiguation."
254344.0,259008.0,WARDHA(DISTRICT COLLECTOR WARDHA_IDA),Normal/Others,0.866,28,0.049,False,UNRESOLVED_ENTITIES,UNRESOLVED_SIMILAR_WORK,0.694,"Installation of cement concrete benches  Wardha taluka Alodi (Satoda), Pipri (Meghe), Paloti, Umri (Meghe), Sidi (Meghe), Sawangi Meghe, Nalwadi, Borgaon Meghe total 100 benches.","Installation of cement concrete benches at various places under Gram Panchayat Paloti, Ta. Dist. Wardha.","Candidate for overlap review (spatial disambiguation inconclusive -- no entity anchors extracted; textual similarity 87%), pending manual site disambiguation."
254344.0,259005.0,WARDHA(DISTRICT COLLECTOR WARDHA_IDA),Normal/Others,0.859,28,0.076,False,UNRESOLVED_ENTITIES,UNRESOLVED_SIMILAR_WORK,0.692,"Installation of cement concrete benches  Wardha taluka Alodi (Satoda), Pipri (Meghe), Paloti, Umri (Meghe), Sidi (Meghe), Sawangi Meghe, Nalwadi, Borgaon Meghe total 100 benches.","Installation of cement concrete benches at various places under Gram Panchayat Satoda, Ta.Dist. Wardha.","Candidate for overlap review (spatial disambiguation inconclusive -- no entity anchors extracted; textual similarity 86%), pending manual site disambiguation."
254344.0,259009.0,WARDHA(DISTRICT COLLECTOR WARDHA_IDA),Normal/Others,0.852,28,0.077,False,UNRESOLVED_ENTITIES,UNRESOLVED_SIMILAR_WORK,0.688,"Installation of cement concrete benches  Wardha taluka Alodi (Satoda), Pipri (Meghe), Paloti, Umri (Meghe), Sidi (Meghe), Sawangi Meghe, Nalwadi, Borgaon Meghe total 100 benches.","Installation of cement concrete benches at various places under Gram Panchayat Sawangi Meghe, Ta. Dist. Wardha.","Candidate for overlap review (spatial disambiguation inconclusive -- no entity anchors extracted; textual similarity 85%), pending manual site disambiguation."
298611.0,298616.0,PUNE(DISTRICT COLLECTOR PUNE_IDA),Normal/Others,0.967,0,1.0,False,ADJACENT_SEGMENT,ADJACENT_SEGMENT_UNCORROBORATED,0.45,"Installation of gym equipment, play equipment, and seating arrangements at the completed sections of the river improvement project between Sangamwadi Bridge and Bund Garden in the Pune Lok Sabha constituency.","Installation of gym equipment, play equipment, and seating arrangements at the completed sections of the river improvement project between Bund Garden Bridge and Mundhwa in the Pune Lok Sabha constituency.",Adjacent segment candidate without procurement corroboration (Adjacent segments at The Completed Sections Of The River Improvement Project: Stretch Sangamwadi Bridge to Bund Garden vs Stretch Bund Garden Bridge to Mundhwa); different vendors or timeline indicates independent project phases.
303756.0,303758.0,PUNE(DISTRICT COLLECTOR PUNE_IDA),Normal/Others,0.938,0,1.0,False,ADJACENT_SEGMENT,ADJACENT_SEGMENT_UNCORROBORATED,0.45,Laying of drainage lines (B1 to B5) at the Vishrantwadi Police Colony in the Pune Lok Sabha constituency.,Laying of drainage lines (B-6 to B-11) at the Vishrantwadi Police Colony in the Pune Lok Sabha constituency.,Adjacent segment candidate without procurement corroboration (Adjacent segments at Vishrantwadi Police Colony: B1 TO B5 vs B-6 TO B-11); different vendors or timeline indicates independent project phases.
215157.0,215158.0,NAGPUR(DISTRICT COLLECTOR NAGPUR_IDA),Normal/Others,0.886,0,1.0,False,ADJACENT_SEGMENT,ADJACENT_SEGMENT_UNCORROBORATED,0.443,"Cosntruction of CC Flooring road from residence of Shyam Tarare to residence of Ganesh Ghodmare, Balabhaupeth, Nagpur","Cosntruction of CC Flooring road from residence of Kau Shirshikar to residence of Bhaskar Paunikar, Balabhaupeth, Nagpur",Adjacent segment candidate without procurement corroboration (Distinct road stretches within Balabhaupeth: Shyam Tarare to Ganesh Ghodmare vs Kau Shirshikar to Bhaskar Paunikar); different vendors or timeline indicates independent project phases.
167489.0,167490.0,WARDHA(DISTRICT COLLECTOR WARDHA_IDA),Normal/Others,0.897,0,1.0,True,DISJOINT_LOCATION,INDEPENDENT_PARALLEL_WORKS,0.235,Construction of cement road and drain from Sri Prahlad Dhonge to Zilla Parishad School at Mauja Wadala Ta Ashti,"Construction of cement road and drain from Shri Bharat Singh Bhada to Zilla Parishad School at Mauja Manikwada, Ta Ashti","Independent parallel works candidate: Standardized administrative template applied across disjoint locations/beneficiaries (Distinct villages/areas: Wadala, Mauja Wadala vs Mauja Manikwada, Manikwada); low duplicate risk."
165241.0,165243.0,WARDHA(DISTRICT COLLECTOR WARDHA_IDA),Normal/Others,0.861,0,0.933,True,DISJOINT_LOCATION,INDEPENDENT_PARALLEL_WORKS,0.227,Mauja Dahegaon (Gosavi)T Selu Dist At Wardha Mr.Bharat Bangde to Shri.Santosh Raut house Construction of cement road ,"Mauja Alodi, Dist.Wardha Mr. Dhanorkar to Shri.Baba Rao Phukte Construction of Cementing road",Independent parallel works candidate: Standardized administrative template applied across disjoint locations/beneficiaries (Distinct villages/areas: Dahegaon (Gosavi)T Selu vs Alodi); low duplicate risk.
210242.0,210244.0,PUNE(DISTRICT COLLECTOR PUNE_IDA),Repair and Renovation,0.996,0,1.0,False,DISJOINT_LOCATION,INDEPENDENT_PARALLEL_WORKS,0.224,"Construction of a bus stop at Survey No. 116, Kalas in Pune Lok Sabha Constituency.
","Construction of a bus stop at Survey No. 112, Kalas in Pune Lok Sabha Constituency.",Independent parallel works candidate: Standardized administrative template applied across disjoint locations/beneficiaries (Same area (Kalas) but distinct Survey/Plot: 116 vs 112); low duplicate risk.
210245.0,210248.0,PUNE(DISTRICT COLLECTOR PUNE_IDA),Repair and Renovation,0.993,0,1.0,False,DISJOINT_LOCATION,INDEPENDENT_PARALLEL_WORKS,0.224,"Upgradation of toilets and related works in Ward No. 17 and 18 of Pune Lok Sabha Constituency.
",Upgradation of toilets and related works in Ward No. 15 and 16 of Pune Lok Sabha Constituency.,Independent parallel works candidate: Standardized administrative template applied across disjoint locations/beneficiaries (Distinct Wards: 17 and 18 vs 15 and 16); low duplicate risk.
199778.0,199784.0,WARDHA(DISTRICT COLLECTOR WARDHA_IDA),Normal/Others,0.971,0,1.0,False,DISTINCT_BENEFICIARIES,INDEPENDENT_PARALLEL_WORKS,0.221,"Providing artificial limbs to the disabled person of Wardha district. (Shri.Premkumar Dilip Naik, Resident Warud, District Wardha)","Providing artificial limbs to the disabled person in Wardha district. (Shri. Pravin Sudhakar Kapse, Res. Digdoh, Tal. Deoli, Dist. Wardha)",Independent parallel works candidate: Standardized administrative template applied across disjoint locations/beneficiaries (Distinct individual beneficiaries: Premkumar Dilip Naik vs Pravin Sudhakar Kapse); low duplicate risk.
199778.0,199780.0,WARDHA(DISTRICT COLLECTOR WARDHA_IDA),Normal/Others,0.965,0,1.0,False,DISTINCT_BENEFICIARIES,INDEPENDENT_PARALLEL_WORKS,0.22,"Providing artificial limbs to the disabled person of Wardha district. (Shri.Premkumar Dilip Naik, Resident Warud, District Wardha)","Providing artificial limbs to the disabled person in Wardha district. (Mr. Kartik Bhomle, Resident Wardha, Wardha District)",Independent parallel works candidate: Standardized administrative template applied across disjoint locations/beneficiaries (Distinct individual beneficiaries: Premkumar Dilip Naik vs Kartik Bhomle); low duplicate risk.
199780.0,199784.0,WARDHA(DISTRICT COLLECTOR WARDHA_IDA),Normal/Others,0.964,0,1.0,False,DISTINCT_BENEFICIARIES,INDEPENDENT_PARALLEL_WORKS,0.22,"Providing artificial limbs to the disabled person in Wardha district. (Mr. Kartik Bhomle, Resident Wardha, Wardha District)","Providing artificial limbs to the disabled person in Wardha district. (Shri. Pravin Sudhakar Kapse, Res. Digdoh, Tal. Deoli, Dist. Wardha)",Independent parallel works candidate: Standardized administrative template applied across disjoint locations/beneficiaries (Distinct individual beneficiaries: Kartik Bhomle vs Pravin Sudhakar Kapse); low duplicate risk.
199783.0,199784.0,WARDHA(DISTRICT COLLECTOR WARDHA_IDA),Normal/Others,0.963,0,1.0,False,DISTINCT_BENEFICIARIES,INDEPENDENT_PARALLEL_WORKS,0.219,"Providing artificial limbs to the disabled person in Wardha district. (Ms. Pragya Dharmendra Kamble, Res. Gadgenagar Pulgaon Tal. Deoli Dist. Wardha)","Providing artificial limbs to the disabled person in Wardha district. (Shri. Pravin Sudhakar Kapse, Res. Digdoh, Tal. Deoli, Dist. Wardha)",Independent parallel works candidate: Standardized administrative template applied across disjoint locations/beneficiaries (Distinct individual beneficiaries: Pragya Dharmendra Kamble vs Pravin Sudhakar Kapse); low duplicate risk.
259005.0,259011.0,WARDHA(DISTRICT COLLECTOR WARDHA_IDA),Normal/Others,0.956,0,0.981,False,DISJOINT_LOCATION,INDEPENDENT_PARALLEL_WORKS,0.218,"Installation of cement concrete benches at various places under Gram Panchayat Satoda, Ta.Dist. Wardha.",Installation of cement concrete benches at various places under Gram Panchayat Mhasala Ta. Dist. Wardha.,Independent parallel works candidate: Standardized administrative template applied across disjoint locations/beneficiaries (Distinct Gram Panchayats: Satoda vs Mhasala); low duplicate risk.
259010.0,259011.0,WARDHA(DISTRICT COLLECTOR WARDHA_IDA),Normal/Others,0.944,0,1.0,False,DISJOINT_LOCATION,INDEPENDENT_PARALLEL_WORKS,0.217,"Installation of cement concrete benches at various places under Gram Panchayat Sevagram, Ta. Dist. Wardha.",Installation of cement concrete benches at various places under Gram Panchayat Mhasala Ta. Dist. Wardha.,Independent parallel works candidate: Standardized administrative template applied across disjoint locations/beneficiaries (Distinct Gram Panchayats: Sevagram vs Mhasala); low duplicate risk.
259009.0,259011.0,WARDHA(DISTRICT COLLECTOR WARDHA_IDA),Normal/Others,0.948,0,1.0,False,DISJOINT_LOCATION,INDEPENDENT_PARALLEL_WORKS,0.217,"Installation of cement concrete benches at various places under Gram Panchayat Sawangi Meghe, Ta. Dist. Wardha.",Installation of cement concrete benches at various places under Gram Panchayat Mhasala Ta. Dist. Wardha.,Independent parallel works candidate: Standardized administrative template applied across disjoint locations/beneficiaries (Distinct Gram Panchayats: Sawangi Meghe vs Mhasala); low duplicate risk.
199778.0,199783.0,WARDHA(DISTRICT COLLECTOR WARDHA_IDA),Normal/Others,0.949,0,1.0,False,DISTINCT_BENEFICIARIES,INDEPENDENT_PARALLEL_WORKS,0.217,"Providing artificial limbs to the disabled person of Wardha district. (Shri.Premkumar Dilip Naik, Resident Warud, District Wardha)","Providing artificial limbs to the disabled person in Wardha district. (Ms. Pragya Dharmendra Kamble, Res. Gadgenagar Pulgaon Tal. Deoli Dist. Wardha)",Independent parallel works candidate: Standardized administrative template applied across disjoint locations/beneficiaries (Distinct individual beneficiaries: Premkumar Dilip Naik vs Pragya Dharmendra Kamble); low duplicate risk.
259005.0,259010.0,WARDHA(DISTRICT COLLECTOR WARDHA_IDA),Normal/Others,0.951,0,0.981,False,DISJOINT_LOCATION,INDEPENDENT_PARALLEL_WORKS,0.217,"Installation of cement concrete benches at various places under Gram Panchayat Satoda, Ta.Dist. Wardha.","Installation of cement concrete benches at various places under Gram Panchayat Sevagram, Ta. Dist. Wardha.",Independent parallel works candidate: Standardized administrative template applied across disjoint locations/beneficiaries (Distinct Gram Panchayats: Satoda vs Sevagram); low duplicate risk.
259005.0,259009.0,WARDHA(DISTRICT COLLECTOR WARDHA_IDA),Normal/Others,0.951,0,0.981,False,DISJOINT_LOCATION,INDEPENDENT_PARALLEL_WORKS,0.217,"Installation of cement concrete benches at various places under Gram Panchayat Satoda, Ta.Dist. Wardha.","Installation of cement concrete benches at various places under Gram Panchayat Sawangi Meghe, Ta. Dist. Wardha.",Independent parallel works candidate: Standardized administrative template applied across disjoint locations/beneficiaries (Distinct Gram Panchayats: Satoda vs Sawangi Meghe); low duplicate risk.
199780.0,199783.0,WARDHA(DISTRICT COLLECTOR WARDHA_IDA),Normal/Others,0.941,0,1.0,False,DISTINCT_BENEFICIARIES,INDEPENDENT_PARALLEL_WORKS,0.216,"Providing artificial limbs to the disabled person in Wardha district. (Mr. Kartik Bhomle, Resident Wardha, Wardha District)","Providing artificial limbs to the disabled person in Wardha district. (Ms. Pragya Dharmendra Kamble, Res. Gadgenagar Pulgaon Tal. Deoli Dist. Wardha)",Independent parallel works candidate: Standardized administrative template applied across disjoint locations/beneficiaries (Distinct individual beneficiaries: Kartik Bhomle vs Pragya Dharmendra Kamble); low duplicate risk.
259009.0,259010.0,WARDHA(DISTRICT COLLECTOR WARDHA_IDA),Normal/Others,0.935,0,1.0,False,DISJOINT_LOCATION,INDEPENDENT_PARALLEL_WORKS,0.215,"Installation of cement concrete benches at various places under Gram Panchayat Sawangi Meghe, Ta. Dist. Wardha.","Installation of cement concrete benches at various places under Gram Panchayat Sevagram, Ta. Dist. Wardha.",Independent parallel works candidate: Standardized administrative template applied across disjoint locations/beneficiaries (Distinct Gram Panchayats: Sawangi Meghe vs Sevagram); low duplicate risk.
199778.0,199781.0,WARDHA(DISTRICT COLLECTOR WARDHA_IDA),Normal/Others,0.937,0,1.0,False,DISTINCT_BENEFICIARIES,INDEPENDENT_PARALLEL_WORKS,0.215,"Providing artificial limbs to the disabled person of Wardha district. (Shri.Premkumar Dilip Naik, Resident Warud, District Wardha)","Providing artificial limbs to the disabled person  in Wardha district. (Ms. Kritika Anil Bhise, resident of Nachangaon, Taluka Deoli, Wardha)",Independent parallel works candidate: Standardized administrative template applied across disjoint locations/beneficiaries (Distinct individual beneficiaries: Premkumar Dilip Naik vs Kritika Anil Bhise); low duplicate risk.
199780.0,199781.0,WARDHA(DISTRICT COLLECTOR WARDHA_IDA),Normal/Others,0.93,0,1.0,False,DISTINCT_BENEFICIARIES,INDEPENDENT_PARALLEL_WORKS,0.214,"Providing artificial limbs to the disabled person in Wardha district. (Mr. Kartik Bhomle, Resident Wardha, Wardha District)","Providing artificial limbs to the disabled person  in Wardha district. (Ms. Kritika Anil Bhise, resident of Nachangaon, Taluka Deoli, Wardha)",Independent parallel works candidate: Standardized administrative template applied across disjoint locations/beneficiaries (Distinct individual beneficiaries: Kartik Bhomle vs Kritika Anil Bhise); low duplicate risk.
259005.0,259008.0,WARDHA(DISTRICT COLLECTOR WARDHA_IDA),Normal/Others,0.977,0,0.642,False,DISJOINT_LOCATION,INDEPENDENT_PARALLEL_WORKS,0.213,"Installation of cement concrete benches at various places under Gram Panchayat Satoda, Ta.Dist. Wardha.","Installation of cement concrete benches at various places under Gram Panchayat Paloti, Ta. Dist. Wardha.",Independent parallel works candidate: Standardized administrative template applied across disjoint locations/beneficiaries (Distinct Gram Panchayats: Satoda vs Paloti); low duplicate risk.
199781.0,199783.0,WARDHA(DISTRICT COLLECTOR WARDHA_IDA),Normal/Others,0.92,0,1.0,False,DISTINCT_BENEFICIARIES,INDEPENDENT_PARALLEL_WORKS,0.213,"Providing artificial limbs to the disabled person  in Wardha district. (Ms. Kritika Anil Bhise, resident of Nachangaon, Taluka Deoli, Wardha)","Providing artificial limbs to the disabled person in Wardha district. (Ms. Pragya Dharmendra Kamble, Res. Gadgenagar Pulgaon Tal. Deoli Dist. Wardha)",Independent parallel works candidate: Standardized administrative template applied across disjoint locations/beneficiaries (Distinct individual beneficiaries: Kritika Anil Bhise vs Pragya Dharmendra Kamble); low duplicate risk.
199781.0,199784.0,WARDHA(DISTRICT COLLECTOR WARDHA_IDA),Normal/Others,0.916,0,1.0,False,DISTINCT_BENEFICIARIES,INDEPENDENT_PARALLEL_WORKS,0.212,"Providing artificial limbs to the disabled person  in Wardha district. (Ms. Kritika Anil Bhise, resident of Nachangaon, Taluka Deoli, Wardha)","Providing artificial limbs to the disabled person in Wardha district. (Shri. Pravin Sudhakar Kapse, Res. Digdoh, Tal. Deoli, Dist. Wardha)",Independent parallel works candidate: Standardized administrative template applied across disjoint locations/beneficiaries (Distinct individual beneficiaries: Kritika Anil Bhise vs Pravin Sudhakar Kapse); low duplicate risk.
303384.0,303390.0,NAGPUR(DISTRICT COLLECTOR NAGPUR_IDA),Normal/Others,0.905,0,1.0,False,DISJOINT_LOCATION,INDEPENDENT_PARALLEL_WORKS,0.211,"CONSTRUCTION OF CEMENT ROAD AT MOUJA AAJANGAON, TA. KATOL WARD NO. 2 AT MR. SAHEBRAO RAUT TO MR. BALVANTRAO PANBUDE HOME","CONSTRUCTION OF CEMENT ROAD AT MOUJA AAJANGAON, TA. KATOL WARD NO. 3 SAMAJ BHAVAN TO MR. MAROTRAO TAMBUSKAR HOME.",Independent parallel works candidate: Standardized administrative template applied across disjoint locations/beneficiaries (Same area (Mouja Aajangaon) but distinct Wards: 2 vs 3); low duplicate risk.
259006.0,259007.0,WARDHA(DISTRICT COLLECTOR WARDHA_IDA),Normal/Others,0.958,0,0.654,False,DISJOINT_LOCATION,INDEPENDENT_PARALLEL_WORKS,0.21,"Installation of cement concrete benches at various places under Gram Panchayat Sidi (Meghe), Ta. Dist. Wardha.","Installation of cement concrete benches at various places under Gram Panchayat Nalwadi, Ta. Dist. Wardha.",Independent parallel works candidate: Standardized administrative template applied across disjoint locations/beneficiaries (Distinct Gram Panchayats: Sidi (Meghe) vs Nalwadi); low duplicate risk.
259008.0,259011.0,WARDHA(DISTRICT COLLECTOR WARDHA_IDA),Normal/Others,0.955,0,0.63,False,DISJOINT_LOCATION,INDEPENDENT_PARALLEL_WORKS,0.209,"Installation of cement concrete benches at various places under Gram Panchayat Paloti, Ta. Dist. Wardha.",Installation of cement concrete benches at various places under Gram Panchayat Mhasala Ta. Dist. Wardha.,Independent parallel works candidate: Standardized administrative template applied across disjoint locations/beneficiaries (Distinct Gram Panchayats: Paloti vs Mhasala); low duplicate risk.
259008.0,259009.0,WARDHA(DISTRICT COLLECTOR WARDHA_IDA),Normal/Others,0.953,0,0.63,False,DISJOINT_LOCATION,INDEPENDENT_PARALLEL_WORKS,0.209,"Installation of cement concrete benches at various places under Gram Panchayat Paloti, Ta. Dist. Wardha.","Installation of cement concrete benches at various places under Gram Panchayat Sawangi Meghe, Ta. Dist. Wardha.",Independent parallel works candidate: Standardized administrative template applied across disjoint locations/beneficiaries (Distinct Gram Panchayats: Paloti vs Sawangi Meghe); low duplicate risk.
259006.0,259009.0,WARDHA(DISTRICT COLLECTOR WARDHA_IDA),Normal/Others,0.97,0,0.54,False,DISJOINT_LOCATION,INDEPENDENT_PARALLEL_WORKS,0.209,"Installation of cement concrete benches at various places under Gram Panchayat Sidi (Meghe), Ta. Dist. Wardha.","Installation of cement concrete benches at various places under Gram Panchayat Sawangi Meghe, Ta. Dist. Wardha.",Independent parallel works candidate: Standardized administrative template applied across disjoint locations/beneficiaries (Distinct Gram Panchayats: Sidi (Meghe) vs Sawangi Meghe); low duplicate risk.
259008.0,259010.0,WARDHA(DISTRICT COLLECTOR WARDHA_IDA),Normal/Others,0.949,0,0.63,False,DISJOINT_LOCATION,INDEPENDENT_PARALLEL_WORKS,0.208,"Installation of cement concrete benches at various places under Gram Panchayat Paloti, Ta. Dist. Wardha.","Installation of cement concrete benches at various places under Gram Panchayat Sevagram, Ta. Dist. Wardha.",Independent parallel works candidate: Standardized administrative template applied across disjoint locations/beneficiaries (Distinct Gram Panchayats: Paloti vs Sevagram); low duplicate risk.
259005.0,259006.0,WARDHA(DISTRICT COLLECTOR WARDHA_IDA),Normal/Others,0.958,0,0.53,False,DISJOINT_LOCATION,INDEPENDENT_PARALLEL_WORKS,0.207,"Installation of cement concrete benches at various places under Gram Panchayat Satoda, Ta.Dist. Wardha.","Installation of cement concrete benches at various places under Gram Panchayat Sidi (Meghe), Ta. Dist. Wardha.",Independent parallel works candidate: Standardized administrative template applied across disjoint locations/beneficiaries (Distinct Gram Panchayats: Satoda vs Sidi (Meghe)); low duplicate risk.
303322.0,303327.0,NAGPUR(DISTRICT COLLECTOR NAGPUR_IDA),Normal/Others,0.875,0,1.0,False,DISJOINT_LOCATION,INDEPENDENT_PARALLEL_WORKS,0.206,CONSTRUCTION OF ROAD AT SONEGAON BORI TA. NAGPUR FROM MAIN ROAD TO MR. SHANKAR KHAPNE  HOME,"CONSTRUCTION OF ROAD AT SONEGAON BRI, TA. NAGPUR MR. RAHUL GANVIR TO MR. NARAYAN MANDAWGADE HOME",Independent parallel works candidate: Standardized administrative template applied across disjoint locations/beneficiaries (Distinct villages/areas: Sonegaon Bori vs Sonegaon Bri); low duplicate risk.
303327.0,303334.0,NAGPUR(DISTRICT COLLECTOR NAGPUR_IDA),Normal/Others,0.872,0,1.0,False,DISJOINT_LOCATION,INDEPENDENT_PARALLEL_WORKS,0.206,"CONSTRUCTION OF ROAD AT SONEGAON BRI, TA. NAGPUR MR. RAHUL GANVIR TO MR. NARAYAN MANDAWGADE HOME","CONSTRUCTION OF ROAD AT SONEGAON BORI, TA. NAGPUR MR. SHARAD RAMTEKE TO MR. MAHENDRA BHONGADE HOME",Independent parallel works candidate: Standardized administrative template applied across disjoint locations/beneficiaries (Distinct villages/areas: Sonegaon Bri vs Sonegaon Bori); low duplicate risk.
298634.0,298635.0,PUNE(DISTRICT COLLECTOR PUNE_IDA),Normal/Others,0.876,0,1.0,False,DISJOINT_LOCATION,INDEPENDENT_PARALLEL_WORKS,0.206,"Erection of a meeting pavilion on Municipal Corporation land at Shanipar Mandal, Kavathe Adda, within the Pune Lok Sabha constituency.","Erection of a meeting pavilion on the Municipal Corporation's land at Hamal Talim, Bhavani Peth, within the Pune Lok Sabha constituency.",Independent parallel works candidate: Standardized administrative template applied across disjoint locations/beneficiaries (Distinct villages/areas: Shanipar Mandal vs Hamal Talim); low duplicate risk.
259004.0,259007.0,WARDHA(DISTRICT COLLECTOR WARDHA_IDA),Normal/Others,0.944,0,0.577,False,DISJOINT_LOCATION,INDEPENDENT_PARALLEL_WORKS,0.206,"Installation of cement concrete benches at various places under Gram Panchayat Pipri (Meghe),  Ta.Dist. Wardha.","Installation of cement concrete benches at various places under Gram Panchayat Nalwadi, Ta. Dist. Wardha.",Independent parallel works candidate: Standardized administrative template applied across disjoint locations/beneficiaries (Distinct Gram Panchayats: Pipri (Meghe) vs Nalwadi); low duplicate risk.
247606.0,247607.0,NAGPUR(DISTRICT COLLECTOR NAGPUR_IDA),Normal/Others,0.871,0,1.0,False,DISJOINT_LOCATION,INDEPENDENT_PARALLEL_WORKS,0.206,"CONSTRUCTION OF CEMENT ROAD WITH DRAIN UNDER VILLAGE AADKA, TA. KAMPTEE","CONSTRUCTION OF CONCRETE ROAD WITH DRAIN UNDER CHIKHALI VILLAGE, TA. KAMPTEE","Independent parallel works candidate: Standardized administrative template applied across disjoint locations/beneficiaries (Distinct villages/areas: Aadka, Drain Under vs Chikhali, Under Chikhali); low duplicate risk."
259006.0,259011.0,WARDHA(DISTRICT COLLECTOR WARDHA_IDA),Normal/Others,0.95,0,0.54,False,DISJOINT_LOCATION,INDEPENDENT_PARALLEL_WORKS,0.206,"Installation of cement concrete benches at various places under Gram Panchayat Sidi (Meghe), Ta. Dist. Wardha.",Installation of cement concrete benches at various places under Gram Panchayat Mhasala Ta. Dist. Wardha.,Independent parallel works candidate: Standardized administrative template applied across disjoint locations/beneficiaries (Distinct Gram Panchayats: Sidi (Meghe) vs Mhasala); low duplicate risk.
197436.0,197468.0,WARDHA(DISTRICT COLLECTOR WARDHA_IDA),Normal/Others,0.889,0,0.909,False,DISJOINT_LOCATION,INDEPENDENT_PARALLEL_WORKS,0.206,"Installation of cement concrete benches for citizens to sit in front of Gujarati Bhavan, Government open space, Ward No. 8, Wardha city","Installation of cement concrete benches for citizens to sit at Kejaji Chowk, Bhagat Singh Chowk, Mahavir Bagicha,Ward No. 7, Wardha city",Independent parallel works candidate: Standardized administrative template applied across disjoint locations/beneficiaries (Distinct Wards: 8 vs 7); low duplicate risk.
298891.0,298893.0,PUNE(DISTRICT COLLECTOR PUNE_IDA),Normal/Others,0.868,0,1.0,False,DISJOINT_LOCATION,INDEPENDENT_PARALLEL_WORKS,0.205,Construction of a library building on Municipal Corporation land at Dattawadi in the Pune Lok Sabha constituency. (SC),"Construction of a library building on Municipal Corporation land at Shivtej Mitra Mandal, Navi Peth, within the Pune Lok Sabha constituency.",Independent parallel works candidate: Standardized administrative template applied across disjoint locations/beneficiaries (Distinct villages/areas: Dattawadi vs Shivtej Mitra Mandal); low duplicate risk.
197434.0,197436.0,WARDHA(DISTRICT COLLECTOR WARDHA_IDA),Normal/Others,0.895,0,0.846,False,DISJOINT_LOCATION,INDEPENDENT_PARALLEL_WORKS,0.205,Installation of cement concrete benches for citizens to sit in public places in front of Shri. Sambhaji Maharaj Garden in Ward No. 4 of Wardha city,"Installation of cement concrete benches for citizens to sit in front of Gujarati Bhavan, Government open space, Ward No. 8, Wardha city",Independent parallel works candidate: Standardized administrative template applied across disjoint locations/beneficiaries (Distinct Wards: 4 vs 8); low duplicate risk.
210253.0,210260.0,PUNE(DISTRICT COLLECTOR PUNE_IDA),Normal/Others,0.86,0,1.0,False,DISJOINT_LOCATION,INDEPENDENT_PARALLEL_WORKS,0.204,Construction of a bus stop at Gadikhana in Pune Lok Sabha Constituency.,"Construction of a bus stop at Yerwada Metro Station in Pune Lok Sabha Constituency.
",Independent parallel works candidate: Standardized administrative template applied across disjoint locations/beneficiaries (Distinct landmarks: Gadikhana vs Yerwada Metro Station); low duplicate risk.
259004.0,259006.0,WARDHA(DISTRICT COLLECTOR WARDHA_IDA),Normal/Others,0.964,0,0.377,False,DISJOINT_LOCATION,INDEPENDENT_PARALLEL_WORKS,0.204,"Installation of cement concrete benches at various places under Gram Panchayat Pipri (Meghe),  Ta.Dist. Wardha.","Installation of cement concrete benches at various places under Gram Panchayat Sidi (Meghe), Ta. Dist. Wardha.",Independent parallel works candidate: Standardized administrative template applied across disjoint locations/beneficiaries (Distinct Gram Panchayats: Pipri (Meghe) vs Sidi (Meghe)); low duplicate risk.
197435.0,197436.0,WARDHA(DISTRICT COLLECTOR WARDHA_IDA),Normal/Others,0.884,0,0.846,False,DISJOINT_LOCATION,INDEPENDENT_PARALLEL_WORKS,0.204,"Installation of cement concrete benches for citizens to sit in Ward No. 7 Golbazar Chowk, Government open space in Wardha city","Installation of cement concrete benches for citizens to sit in front of Gujarati Bhavan, Government open space, Ward No. 8, Wardha city",Independent parallel works candidate: Standardized administrative template applied across disjoint locations/beneficiaries (Distinct Wards: 7 vs 8); low duplicate risk.
285073.0,285076.0,WARDHA(DISTRICT COLLECTOR WARDHA_IDA),Normal/Others,0.863,0,1.0,False,DISJOINT_LOCATION,INDEPENDENT_PARALLEL_WORKS,0.204,"Borewell work at Borgaon (Meghe), Ward No. 3, Ganesh Nagar, Wardha.","Borewell work at the Om Ganesh Temple in Swapna Nagari, Sindi (Meghe), Wardha.",Independent parallel works candidate: Standardized administrative template applied across disjoint locations/beneficiaries (Distinct villages/areas: Borgaon (Meghe) vs The Om Ganesh Temple In Swapna Nagari); low duplicate risk.
259006.0,259010.0,WARDHA(DISTRICT COLLECTOR WARDHA_IDA),Normal/Others,0.938,0,0.54,False,DISJOINT_LOCATION,INDEPENDENT_PARALLEL_WORKS,0.204,"Installation of cement concrete benches at various places under Gram Panchayat Sidi (Meghe), Ta. Dist. Wardha.","Installation of cement concrete benches at various places under Gram Panchayat Sevagram, Ta. Dist. Wardha.",Independent parallel works candidate: Standardized administrative template applied across disjoint locations/beneficiaries (Distinct Gram Panchayats: Sidi (Meghe) vs Sevagram); low duplicate risk.
197434.0,197435.0,WARDHA(DISTRICT COLLECTOR WARDHA_IDA),Normal/Others,0.85,0,1.0,False,DISJOINT_LOCATION,INDEPENDENT_PARALLEL_WORKS,0.203,Installation of cement concrete benches for citizens to sit in public places in front of Shri. Sambhaji Maharaj Garden in Ward No. 4 of Wardha city,"Installation of cement concrete benches for citizens to sit in Ward No. 7 Golbazar Chowk, Government open space in Wardha city",Independent parallel works candidate: Standardized administrative template applied across disjoint locations/beneficiaries (Distinct Wards: 4 vs 7); low duplicate risk.
259006.0,259008.0,WARDHA(DISTRICT COLLECTOR WARDHA_IDA),Normal/Others,0.965,0,0.34,False,DISJOINT_LOCATION,INDEPENDENT_PARALLEL_WORKS,0.203,"Installation of cement concrete benches at various places under Gram Panchayat Sidi (Meghe), Ta. Dist. Wardha.","Installation of cement concrete benches at various places under Gram Panchayat Paloti, Ta. Dist. Wardha.",Independent parallel works candidate: Standardized administrative template applied across disjoint locations/beneficiaries (Distinct Gram Panchayats: Sidi (Meghe) vs Paloti); low duplicate risk.
197435.0,197468.0,WARDHA(DISTRICT COLLECTOR WARDHA_IDA),Normal/Others,0.893,0,0.769,False,DISJOINT_LOCATION,INDEPENDENT_PARALLEL_WORKS,0.203,"Installation of cement concrete benches for citizens to sit in Ward No. 7 Golbazar Chowk, Government open space in Wardha city","Installation of cement concrete benches for citizens to sit at Kejaji Chowk, Bhagat Singh Chowk, Mahavir Bagicha,Ward No. 7, Wardha city",Independent parallel works candidate: Standardized administrative template applied across disjoint locations/beneficiaries (Distinct landmarks: Golbazar Chowk vs Kejaji Chowk); low duplicate risk.
259007.0,259011.0,WARDHA(DISTRICT COLLECTOR WARDHA_IDA),Normal/Others,0.954,0,0.353,False,DISJOINT_LOCATION,INDEPENDENT_PARALLEL_WORKS,0.202,"Installation of cement concrete benches at various places under Gram Panchayat Nalwadi, Ta. Dist. Wardha.",Installation of cement concrete benches at various places under Gram Panchayat Mhasala Ta. Dist. Wardha.,Independent parallel works candidate: Standardized administrative template applied across disjoint locations/beneficiaries (Distinct Gram Panchayats: Nalwadi vs Mhasala); low duplicate risk.
259005.0,259007.0,WARDHA(DISTRICT COLLECTOR WARDHA_IDA),Normal/Others,0.957,0,0.346,False,DISJOINT_LOCATION,INDEPENDENT_PARALLEL_WORKS,0.202,"Installation of cement concrete benches at various places under Gram Panchayat Satoda, Ta.Dist. Wardha.","Installation of cement concrete benches at various places under Gram Panchayat Nalwadi, Ta. Dist. Wardha.",Independent parallel works candidate: Standardized administrative template applied across disjoint locations/beneficiaries (Distinct Gram Panchayats: Satoda vs Nalwadi); low duplicate risk.
259007.0,259009.0,WARDHA(DISTRICT COLLECTOR WARDHA_IDA),Normal/Others,0.951,0,0.353,False,DISJOINT_LOCATION,INDEPENDENT_PARALLEL_WORKS,0.201,"Installation of cement concrete benches at various places under Gram Panchayat Nalwadi, Ta. Dist. Wardha.","Installation of cement concrete benches at various places under Gram Panchayat Sawangi Meghe, Ta. Dist. Wardha.",Independent parallel works candidate: Standardized administrative template applied across disjoint locations/beneficiaries (Distinct Gram Panchayats: Nalwadi vs Sawangi Meghe); low duplicate risk.
197434.0,197468.0,WARDHA(DISTRICT COLLECTOR WARDHA_IDA),Normal/Others,0.871,0,0.769,False,DISJOINT_LOCATION,INDEPENDENT_PARALLEL_WORKS,0.2,Installation of cement concrete benches for citizens to sit in public places in front of Shri. Sambhaji Maharaj Garden in Ward No. 4 of Wardha city,"Installation of cement concrete benches for citizens to sit at Kejaji Chowk, Bhagat Singh Chowk, Mahavir Bagicha,Ward No. 7, Wardha city",Independent parallel works candidate: Standardized administrative template applied across disjoint locations/beneficiaries (Distinct Wards: 4 vs 7); low duplicate risk.
259007.0,259008.0,WARDHA(DISTRICT COLLECTOR WARDHA_IDA),Normal/Others,0.963,0,0.222,False,DISJOINT_LOCATION,INDEPENDENT_PARALLEL_WORKS,0.2,"Installation of cement concrete benches at various places under Gram Panchayat Nalwadi, Ta. Dist. Wardha.","Installation of cement concrete benches at various places under Gram Panchayat Paloti, Ta. Dist. Wardha.",Independent parallel works candidate: Standardized administrative template applied across disjoint locations/beneficiaries (Distinct Gram Panchayats: Nalwadi vs Paloti); low duplicate risk.
259007.0,259010.0,WARDHA(DISTRICT COLLECTOR WARDHA_IDA),Normal/Others,0.937,0,0.353,False,DISJOINT_LOCATION,INDEPENDENT_PARALLEL_WORKS,0.199,"Installation of cement concrete benches at various places under Gram Panchayat Nalwadi, Ta. Dist. Wardha.","Installation of cement concrete benches at various places under Gram Panchayat Sevagram, Ta. Dist. Wardha.",Independent parallel works candidate: Standardized administrative template applied across disjoint locations/beneficiaries (Distinct Gram Panchayats: Nalwadi vs Sevagram); low duplicate risk.
259004.0,259009.0,WARDHA(DISTRICT COLLECTOR WARDHA_IDA),Normal/Others,0.949,0,0.204,False,DISJOINT_LOCATION,INDEPENDENT_PARALLEL_WORKS,0.198,"Installation of cement concrete benches at various places under Gram Panchayat Pipri (Meghe),  Ta.Dist. Wardha.","Installation of cement concrete benches at various places under Gram Panchayat Sawangi Meghe, Ta. Dist. Wardha.",Independent parallel works candidate: Standardized administrative template applied across disjoint locations/beneficiaries (Distinct Gram Panchayats: Pipri (Meghe) vs Sawangi Meghe); low duplicate risk.
197435.0,197466.0,WARDHA(DISTRICT COLLECTOR WARDHA_IDA),Normal/Others,0.859,0,0.769,False,DISJOINT_LOCATION,INDEPENDENT_PARALLEL_WORKS,0.198,"Installation of cement concrete benches for citizens to sit in Ward No. 7 Golbazar Chowk, Government open space in Wardha city","Installation of cement concrete benches for citizens to sit in front of Namdev Matha, in Sable Plot Open Space, Ward No. 8, Wardha City",Independent parallel works candidate: Standardized administrative template applied across disjoint locations/beneficiaries (Distinct Wards: 7 vs 8); low duplicate risk.
259004.0,259005.0,WARDHA(DISTRICT COLLECTOR WARDHA_IDA),Normal/Others,0.955,0,0.2,False,DISJOINT_LOCATION,INDEPENDENT_PARALLEL_WORKS,0.198,"Installation of cement concrete benches at various places under Gram Panchayat Pipri (Meghe),  Ta.Dist. Wardha.","Installation of cement concrete benches at various places under Gram Panchayat Satoda, Ta.Dist. Wardha.",Independent parallel works candidate: Standardized administrative template applied across disjoint locations/beneficiaries (Distinct Gram Panchayats: Pipri (Meghe) vs Satoda); low duplicate risk.
165243.0,167491.0,WARDHA(DISTRICT COLLECTOR WARDHA_IDA),Normal/Others,0.864,6,0.75,False,DISJOINT_LOCATION,INDEPENDENT_PARALLEL_WORKS,0.197,"Mauja Alodi, Dist.Wardha Mr. Dhanorkar to Shri.Baba Rao Phukte Construction of Cementing road",Construction of cement road from Shri Dinkarrao Khairkar to Shri Bapurao Kurwade house at Mauza Wagholi Ta Ashti,"Independent parallel works candidate: Standardized administrative template applied across disjoint locations/beneficiaries (Distinct villages/areas: Alodi vs Wagholi, Mauza Wagholi); low duplicate risk."
259004.0,259008.0,WARDHA(DISTRICT COLLECTOR WARDHA_IDA),Normal/Others,0.959,0,0.128,False,DISJOINT_LOCATION,INDEPENDENT_PARALLEL_WORKS,0.197,"Installation of cement concrete benches at various places under Gram Panchayat Pipri (Meghe),  Ta.Dist. Wardha.","Installation of cement concrete benches at various places under Gram Panchayat Paloti, Ta. Dist. Wardha.",Independent parallel works candidate: Standardized administrative template applied across disjoint locations/beneficiaries (Distinct Gram Panchayats: Pipri (Meghe) vs Paloti); low duplicate risk.
259004.0,259011.0,WARDHA(DISTRICT COLLECTOR WARDHA_IDA),Normal/Others,0.94,0,0.204,False,DISJOINT_LOCATION,INDEPENDENT_PARALLEL_WORKS,0.196,"Installation of cement concrete benches at various places under Gram Panchayat Pipri (Meghe),  Ta.Dist. Wardha.",Installation of cement concrete benches at various places under Gram Panchayat Mhasala Ta. Dist. Wardha.,Independent parallel works candidate: Standardized administrative template applied across disjoint locations/beneficiaries (Distinct Gram Panchayats: Pipri (Meghe) vs Mhasala); low duplicate risk.
259004.0,259010.0,WARDHA(DISTRICT COLLECTOR WARDHA_IDA),Normal/Others,0.93,0,0.204,False,DISJOINT_LOCATION,INDEPENDENT_PARALLEL_WORKS,0.195,"Installation of cement concrete benches at various places under Gram Panchayat Pipri (Meghe),  Ta.Dist. Wardha.","Installation of cement concrete benches at various places under Gram Panchayat Sevagram, Ta. Dist. Wardha.",Independent parallel works candidate: Standardized administrative template applied across disjoint locations/beneficiaries (Distinct Gram Panchayats: Pipri (Meghe) vs Sevagram); low duplicate risk.
165241.0,165694.0,WARDHA(DISTRICT COLLECTOR WARDHA_IDA),Normal/Others,0.863,0,0.583,False,DISJOINT_LOCATION,INDEPENDENT_PARALLEL_WORKS,0.194,Mauja Dahegaon (Gosavi)T Selu Dist At Wardha Mr.Bharat Bangde to Shri.Santosh Raut house Construction of cement road ,Mauja Deulgaon Selu Dist Wardha Construction of cement road from Hamdapur Road to Satish Sonpitale to Gajanan Patle house at Wardha,Independent parallel works candidate: Standardized administrative template applied across disjoint locations/beneficiaries (Distinct villages/areas: Dahegaon (Gosavi)T Selu vs Deulgaon Selu); low duplicate risk.
298635.0,303745.0,PUNE(DISTRICT COLLECTOR PUNE_IDA),Normal/Others,0.865,20,0.8,False,DISJOINT_LOCATION,INDEPENDENT_PARALLEL_WORKS,0.194,"Erection of a meeting pavilion on the Municipal Corporation's land at Hamal Talim, Bhavani Peth, within the Pune Lok Sabha constituency.","Erection of a meeting pavilion on Municipal Corporation land at Hingne Home Colony, Kothrud, Pune 52, within the Pune Lok Sabha constituency.",Independent parallel works candidate: Standardized administrative template applied across disjoint locations/beneficiaries (Distinct villages/areas: Hamal Talim vs Hingne Home Colony); low duplicate risk.
298634.0,303745.0,PUNE(DISTRICT COLLECTOR PUNE_IDA),Normal/Others,0.854,20,0.8,False,DISJOINT_LOCATION,INDEPENDENT_PARALLEL_WORKS,0.193,"Erection of a meeting pavilion on Municipal Corporation land at Shanipar Mandal, Kavathe Adda, within the Pune Lok Sabha constituency.","Erection of a meeting pavilion on Municipal Corporation land at Hingne Home Colony, Kothrud, Pune 52, within the Pune Lok Sabha constituency.",Independent parallel works candidate: Standardized administrative template applied across disjoint locations/beneficiaries (Distinct villages/areas: Shanipar Mandal vs Hingne Home Colony); low duplicate risk.
181699.0,215174.0,NAGPUR(DISTRICT COLLECTOR NAGPUR_IDA),Normal/Others,0.862,114,0.801,False,DISJOINT_LOCATION,INDEPENDENT_PARALLEL_WORKS,0.168,"Construction of Community Hall at Saroj Nagar Society, Hajari Pahad, Nagpur.","Construction of Community hall at Mouza Hajari Pahad Khasra No.89, Plot No.183, 184, nagpur","Independent parallel works candidate: Standardized administrative template applied across disjoint locations/beneficiaries (Distinct villages/areas: Saroj Nagar Society vs Hajari Pahad, Mouza Hajari Pahad); low duplicate risk."
