WORK_RECOMMENDATION_DTL_ID,MP_NAME,IDA_NAME,WORK_CATEGORY,WORK_DESCRIPTION,VENDOR_NAME,RECIPIENT_TYPE,RECOMMENDATION_DATE,SANCTION_DATE,ACTUAL_END_DATE,SANCTION_AMOUNT,FUND_DISBURSED_AMT,IS_SC_AREA,IS_ST_AREA,IS_TRIBAL_TRUST,FY,days_to_sanction,days_to_complete,days_since_recommendation,is_completed_flag
100000,MP_7,District_4,School Infrastructure,Standard public infrastructure work,Vendor_15,Government Agency,2024-06-27,2024-08-14,2025-02-11,987437.95,987437.95,True,True,False,2024-25,48,181,339,True
100001,MP_5,District_4,Community Hall,Standard public infrastructure work,Vendor_2,Government Agency,2025-01-02,2025-02-04,2025-11-26,982763.58,982763.58,False,True,False,2024-25,33,295,150,True
100002,MP_1,District_4,Road Construction,Standard public infrastructure work,Vendor_12,Government Agency,2024-09-22,2024-11-12,2025-08-18,1203999.93,1203999.93,False,False,False,2024-25,51,279,252,True
100003,MP_3,District_4,Street Lighting,Standard public infrastructure work,Vendor_3,Government Agency,2024-12-30,2025-02-14,2025-06-04,233957.77,233957.77,False,False,False,2024-25,46,110,153,True
100004,MP_4,District_1,Street Lighting,Standard public infrastructure work,Vendor_14,Government Agency,2024-12-20,2024-12-31,2025-05-23,227490.48,227490.48,False,False,False,2024-25,11,143,163,True
100005,MP_3,District_1,Street Lighting,Standard public infrastructure work,Vendor_18,Government Agency,2024-07-15,2024-09-02,2025-03-12,285528.99,285528.99,False,False,False,2024-25,49,191,321,True
100006,MP_4,District_5,Road Construction,Standard public infrastructure work,Vendor_12,Government Agency,2025-01-21,2025-02-07,2025-10-30,1332923.98,1332923.98,True,True,False,2024-25,17,265,131,True
100007,MP_5,District_5,Road Construction,Standard public infrastructure work,Vendor_15,Government Agency,2024-05-11,2024-06-13,2025-01-12,1230846.29,1230846.29,False,False,False,2024-25,33,213,386,True
100008,MP_1,District_1,Drinking Water,Standard public infrastructure work,Vendor_1,Government Agency,2024-11-17,2024-12-31,2025-08-10,326195.53,326195.53,False,True,False,2024-25,44,222,196,True
100009,MP_10,District_1,Street Lighting,Standard public infrastructure work,Vendor_7,Government Agency,2024-06-01,2024-06-19,2024-10-28,283290.57,283290.57,False,True,False,2024-25,18,131,365,True
100010,MP_8,District_5,Community Hall,Standard public infrastructure work,Vendor_12,Government Agency,2024-12-13,2024-12-23,2025-10-05,900175.45,900175.45,True,False,False,2024-25,10,286,170,True
100011,MP_5,District_2,Community Hall,Standard public infrastructure work,Vendor_9,Government Agency,2024-09-26,2024-10-20,2025-01-02,835587.37,835587.37,True,False,False,2024-25,24,74,248,True
100012,MP_7,District_1,Street Lighting,Standard public infrastructure work,Vendor_4,Government Agency,2024-09-07,2024-10-31,2025-05-21,241762.3,241762.3,False,False,False,2024-25,54,202,267,True
100013,MP_7,District_3,Community Hall,Standard public infrastructure work,Vendor_2,Government Agency,2025-01-09,2025-03-01,2025-06-13,842853.51,842853.51,False,False,False,2024-25,51,104,143,True
100014,MP_4,District_3,Road Construction,Standard public infrastructure work,Vendor_7,Government Agency,2024-12-15,2025-01-20,2025-09-26,1153526.74,1153526.74,True,False,False,2024-25,36,249,168,True
100015,MP_7,District_3,Drinking Water,Standard public infrastructure work,Vendor_5,Government Agency,2024-09-07,2024-10-19,2025-02-06,320743.0,320743.0,False,False,False,2024-25,42,110,267,True
100016,MP_8,District_1,Street Lighting,Standard public infrastructure work,Vendor_17,Government Agency,2024-07-22,2024-08-12,2024-11-18,249419.37,249419.37,False,False,False,2024-25,21,98,314,True
100017,MP_8,District_1,Community Hall,Standard public infrastructure work,Vendor_17,Government Agency,2024-11-10,2024-11-21,2025-05-29,796714.83,796714.83,False,True,False,2024-25,11,189,203,True
100018,MP_1,District_1,Community Hall,Standard public infrastructure work,Vendor_2,Government Agency,2024-10-01,2024-10-16,2025-05-23,500148.9,500148.9,False,True,False,2024-25,15,219,243,True
100019,MP_1,District_5,Street Lighting,Standard public infrastructure work,Vendor_2,Government Agency,2024-07-06,2024-07-21,2025-04-20,305512.32,305512.32,False,True,False,2024-25,15,273,330,True
100020,MP_9,District_4,Community Hall,Standard public infrastructure work,Vendor_6,Government Agency,2024-08-26,2024-10-10,2025-05-04,894760.74,894760.74,False,False,False,2024-25,45,206,279,True
100021,MP_7,District_4,Drinking Water,Standard public infrastructure work,Vendor_1,Government Agency,2024-12-23,2025-02-10,2025-08-16,319417.03,319417.03,False,False,False,2024-25,49,187,160,True
100022,MP_9,District_1,Road Construction,Standard public infrastructure work,Vendor_10,Government Agency,2024-04-02,2024-05-07,2024-10-25,1346433.1,1346433.1,False,False,False,2024-25,35,171,425,True
100023,MP_1,District_4,School Infrastructure,Standard public infrastructure work,Vendor_5,Government Agency,2024-10-25,2024-12-05,2025-02-11,733833.32,733833.32,False,False,False,2024-25,41,68,219,True
100024,MP_3,District_4,Drinking Water,Standard public infrastructure work,Vendor_20,Government Agency,2024-10-11,2024-11-24,2025-05-14,310182.97,310182.97,True,False,False,2024-25,44,171,233,True
100025,MP_6,District_3,School Infrastructure,Standard public infrastructure work,Vendor_9,Government Agency,2024-08-13,2024-09-27,2025-05-05,1014399.19,1014399.19,True,False,False,2024-25,45,220,292,True
100026,MP_3,District_1,Drinking Water,Standard public infrastructure work,Vendor_16,Government Agency,2024-05-21,2024-06-21,2025-04-14,288957.53,288957.53,False,False,False,2024-25,31,297,376,True
100027,MP_6,District_3,Community Hall,Standard public infrastructure work,Vendor_2,Government Agency,2024-08-25,2024-09-24,2024-12-22,709551.66,709551.66,False,False,False,2024-25,30,89,280,True
100028,MP_4,District_3,Drinking Water,Standard public infrastructure work,Vendor_17,Government Agency,2024-05-07,2024-07-01,2024-12-24,299478.75,299478.75,False,False,False,2024-25,55,176,390,True
100029,MP_8,District_5,Drinking Water,Standard public infrastructure work,Vendor_14,Government Agency,2024-12-09,2025-01-18,2025-06-25,308576.94,308576.94,False,True,False,2024-25,40,158,174,True
100030,MP_5,District_1,Community Hall,Standard public infrastructure work,Vendor_18,Government Agency,2024-08-29,2024-09-10,2025-02-20,885213.11,885213.11,True,False,False,2024-25,12,163,276,True
100031,MP_2,District_3,Road Construction,Standard public infrastructure work,Vendor_2,Government Agency,2024-12-02,2025-01-06,2025-03-23,1216646.2,1216646.2,False,False,False,2024-25,35,76,181,True
100032,MP_7,District_5,Road Construction,Standard public infrastructure work,Vendor_3,Government Agency,2024-12-20,2025-01-05,2025-05-01,1318223.52,1318223.52,False,False,False,2024-25,16,116,163,True
100033,MP_3,District_4,Road Construction,Standard public infrastructure work,Vendor_2,Government Agency,2024-10-03,2024-11-13,2025-08-14,941537.85,941537.85,False,False,False,2024-25,41,274,241,True
100034,MP_6,District_2,Road Construction,Standard public infrastructure work,Vendor_17,Government Agency,2024-04-05,2024-05-17,2024-07-23,1039238.35,1039238.35,False,False,False,2024-25,42,67,422,True
100035,MP_7,District_4,School Infrastructure,Standard public infrastructure work,Vendor_20,Government Agency,2024-08-22,2024-09-30,2025-01-14,854799.67,854799.67,False,False,False,2024-25,39,106,283,True
100036,MP_2,District_4,Road Construction,Standard public infrastructure work,Vendor_19,Government Agency,2024-07-26,2024-09-01,2024-12-27,1080878.44,1080878.44,True,True,False,2024-25,37,117,310,True
100037,MP_7,District_1,Street Lighting,Standard public infrastructure work,Vendor_1,Government Agency,2024-05-18,2024-05-28,2025-03-22,281966.25,281966.25,False,False,False,2024-25,10,298,379,True
100038,MP_9,District_5,School Infrastructure,Standard public infrastructure work,Vendor_1,Government Agency,2024-06-25,2024-07-07,2024-11-19,1186491.09,1186491.09,False,False,False,2024-25,12,135,341,True
100039,MP_9,District_5,Street Lighting,Standard public infrastructure work,Vendor_5,Government Agency,2024-10-21,2024-12-16,2025-05-18,288717.45,288717.45,False,False,False,2024-25,56,153,223,True
100040,MP_10,District_2,School Infrastructure,Standard public infrastructure work,Vendor_7,Government Agency,2024-07-09,2024-08-24,2024-11-14,835031.5,835031.5,True,False,False,2024-25,46,82,327,True
100041,MP_2,District_4,Road Construction,Standard public infrastructure work,Vendor_19,Government Agency,2024-04-16,2024-05-27,2024-07-26,823117.08,823117.08,False,False,False,2024-25,41,60,411,True
100042,MP_8,District_2,Drinking Water,Standard public infrastructure work,Vendor_20,Government Agency,2024-12-24,2025-02-04,2025-09-12,214618.04,214618.04,False,False,False,2024-25,42,220,159,True
100043,MP_3,District_1,Drinking Water,Standard public infrastructure work,Vendor_8,Government Agency,2024-07-04,2024-07-23,2024-11-02,357624.33,357624.33,True,True,False,2024-25,19,102,332,True
100044,MP_2,District_5,Community Hall,Standard public infrastructure work,Vendor_18,Government Agency,2024-07-24,2024-08-10,2025-01-09,741628.07,741628.07,False,True,False,2024-25,17,152,312,True
100045,MP_9,District_4,Road Construction,Standard public infrastructure work,Vendor_18,Government Agency,2025-01-02,2025-02-25,2025-07-09,1237367.69,1237367.69,False,False,False,2024-25,54,134,150,True
100046,MP_9,District_4,Road Construction,Standard public infrastructure work,Vendor_5,Government Agency,2024-07-05,2024-09-01,2025-02-06,1334512.85,1334512.85,False,False,False,2024-25,58,158,331,True
100047,MP_8,District_5,Street Lighting,Standard public infrastructure work,Vendor_17,Government Agency,2024-12-29,2025-01-20,2025-04-12,272888.88,272888.88,False,False,False,2024-25,22,82,154,True
100048,MP_1,District_4,Drinking Water,Standard public infrastructure work,Vendor_13,Government Agency,2025-01-09,2025-01-30,2025-10-05,289234.88,289234.88,False,True,False,2024-25,21,248,143,True
100049,MP_4,District_3,Road Construction,Standard public infrastructure work,Vendor_15,Government Agency,2024-05-23,2024-06-17,2024-12-10,1353715.45,1353715.45,True,False,False,2024-25,25,176,374,True
100050,MP_7,District_1,School Infrastructure,Standard public infrastructure work,Vendor_10,Government Agency,2024-12-09,2025-02-03,2025-06-18,1144844.99,1144844.99,False,False,False,2024-25,56,135,174,True
100051,MP_6,District_5,Road Construction,Standard public infrastructure work,Vendor_9,Government Agency,2024-09-12,2024-11-10,2025-02-04,1272824.92,1272824.92,False,True,False,2024-25,59,86,262,True
100052,MP_6,District_3,School Infrastructure,Standard public infrastructure work,Vendor_1,Government Agency,2024-12-08,2024-12-24,2025-09-26,857155.21,857155.21,False,False,False,2024-25,16,276,175,True
100053,MP_3,District_5,Street Lighting,Standard public infrastructure work,Vendor_7,Government Agency,2024-09-20,2024-10-26,2025-07-14,267191.55,267191.55,False,False,False,2024-25,36,261,254,True
100054,MP_2,District_4,Road Construction,Standard public infrastructure work,Vendor_20,Government Agency,2024-07-26,2024-08-17,2025-01-15,1428804.88,1428804.88,False,False,False,2024-25,22,151,310,True
100055,MP_6,District_2,Street Lighting,Standard public infrastructure work,Vendor_13,Government Agency,2024-10-30,2024-12-10,2025-07-30,278907.37,278907.37,True,False,False,2024-25,41,232,214,True
100056,MP_5,District_4,Community Hall,Standard public infrastructure work,Vendor_19,Government Agency,2024-05-24,2024-07-13,2024-10-29,802941.22,802941.22,False,False,False,2024-25,50,108,373,True
100057,MP_6,District_3,Drinking Water,Standard public infrastructure work,Vendor_11,Government Agency,2024-09-03,2024-09-24,2025-02-04,322409.92,322409.92,False,False,False,2024-25,21,133,271,True
100058,MP_5,District_2,Street Lighting,Standard public infrastructure work,Vendor_4,Government Agency,2024-10-09,2024-12-07,2025-03-04,170353.91,170353.91,True,False,False,2024-25,59,87,235,True
100059,MP_6,District_1,Drinking Water,Standard public infrastructure work,Vendor_1,Government Agency,2024-05-16,2024-06-14,2025-03-05,276341.02,276341.02,False,False,False,2024-25,29,264,381,True
100060,MP_3,District_5,Road Construction,Standard public infrastructure work,Vendor_19,Government Agency,2024-04-05,2024-04-16,2024-06-24,1333553.34,1333553.34,False,False,False,2024-25,11,69,422,True
100061,MP_7,District_1,Drinking Water,Standard public infrastructure work,Vendor_18,Government Agency,2024-06-02,2024-07-13,2025-05-07,366449.64,366449.64,True,False,False,2024-25,41,298,364,True
100062,MP_9,District_3,Community Hall,Standard public infrastructure work,Vendor_17,Government Agency,2024-10-14,2024-11-27,2025-06-03,786255.22,786255.22,True,True,False,2024-25,44,188,230,True
100063,MP_5,District_3,School Infrastructure,Standard public infrastructure work,Vendor_5,Government Agency,2024-06-17,2024-08-02,2025-04-20,1067105.2,1067105.2,False,False,False,2024-25,46,261,349,True
100064,MP_9,District_1,Community Hall,Standard public infrastructure work,Vendor_13,Government Agency,2024-06-11,2024-08-08,2025-05-26,635769.19,635769.19,False,False,False,2024-25,58,291,355,True
100065,MP_7,District_2,Road Construction,Standard public infrastructure work,Vendor_2,Government Agency,2024-11-22,2024-12-04,2025-06-04,1296388.53,1296388.53,False,False,False,2024-25,12,182,191,True
100066,MP_5,District_3,Drinking Water,Standard public infrastructure work,Vendor_17,Government Agency,2024-12-08,2024-12-19,2025-05-02,329041.92,329041.92,False,False,False,2024-25,11,134,175,True
100067,MP_2,District_2,Road Construction,Standard public infrastructure work,Vendor_18,Government Agency,2024-12-05,2025-01-13,2025-05-31,1446353.68,1446353.68,False,False,False,2024-25,39,138,178,True
100068,MP_6,District_1,Street Lighting,Standard public infrastructure work,Vendor_10,Government Agency,2024-10-22,2024-11-24,2025-04-01,186123.16,186123.16,False,False,False,2024-25,33,128,222,True
100069,MP_3,District_1,Community Hall,Standard public infrastructure work,Vendor_16,Government Agency,2024-10-12,2024-10-29,2025-05-08,793334.28,793334.28,True,False,False,2024-25,17,191,232,True
100070,MP_3,District_3,School Infrastructure,Standard public infrastructure work,Vendor_18,Government Agency,2024-04-22,2024-05-22,2024-07-25,715635.25,715635.25,False,False,False,2024-25,30,64,405,True
100071,MP_5,District_1,School Infrastructure,Standard public infrastructure work,Vendor_9,Government Agency,2024-11-04,2024-11-25,2025-04-23,968054.43,968054.43,False,False,False,2024-25,21,149,209,True
100072,MP_9,District_2,Drinking Water,Standard public infrastructure work,Vendor_15,Government Agency,2024-04-26,2024-06-04,2024-11-17,268512.35,268512.35,False,True,False,2024-25,39,166,401,True
100073,MP_4,District_1,Drinking Water,Standard public infrastructure work,Vendor_3,Government Agency,2024-04-28,2024-05-22,2024-09-05,309629.1,309629.1,False,False,False,2024-25,24,106,399,True
100074,MP_7,District_2,School Infrastructure,Standard public infrastructure work,Vendor_14,Government Agency,2025-01-19,2025-03-12,2026-01-04,1017024.62,1017024.62,True,False,False,2024-25,52,298,133,True
100075,MP_3,District_3,Drinking Water,Standard public infrastructure work,Vendor_5,Government Agency,2024-06-25,2024-08-01,2025-04-19,321196.66,321196.66,False,False,False,2024-25,37,261,341,True
100076,MP_10,District_4,Drinking Water,Standard public infrastructure work,Vendor_17,Government Agency,2024-11-14,2024-12-03,2025-04-08,284259.73,284259.73,False,False,False,2024-25,19,126,199,True
100077,MP_6,District_2,Drinking Water,Standard public infrastructure work,Vendor_12,Government Agency,2025-01-07,2025-02-04,2025-05-16,205018.52,205018.52,False,False,False,2024-25,28,101,145,True
100078,MP_2,District_3,Community Hall,Standard public infrastructure work,Vendor_13,Government Agency,2024-04-04,2024-05-05,2024-07-24,859589.38,859589.38,True,False,False,2024-25,31,80,423,True
100079,MP_8,District_1,Community Hall,Standard public infrastructure work,Vendor_19,Government Agency,2024-04-06,2024-05-16,2024-08-23,776689.83,776689.83,False,False,False,2024-25,40,99,421,True
100080,MP_2,District_4,Street Lighting,Standard public infrastructure work,Vendor_11,Government Agency,2024-10-11,2024-12-08,2025-05-10,258899.66,258899.66,True,False,False,2024-25,58,153,233,True
100081,MP_8,District_2,Community Hall,Standard public infrastructure work,Vendor_13,Government Agency,2024-12-31,2025-02-22,2025-09-02,832829.29,832829.29,True,False,False,2024-25,53,192,152,True
100082,MP_4,District_1,Street Lighting,Standard public infrastructure work,Vendor_17,Government Agency,2024-12-15,2025-01-07,2025-05-10,319261.76,319261.76,True,False,False,2024-25,23,123,168,True
100083,MP_1,District_2,Road Construction,Standard public infrastructure work,Vendor_5,Government Agency,2024-08-08,2024-09-09,2025-03-25,1247871.95,1247871.95,False,False,False,2024-25,32,197,297,True
100084,MP_4,District_1,School Infrastructure,Standard public infrastructure work,Vendor_9,Government Agency,2024-06-08,2024-07-11,2024-10-16,971523.56,971523.56,False,False,False,2024-25,33,97,358,True
100085,MP_2,District_5,Community Hall,Standard public infrastructure work,Vendor_9,Government Agency,2024-05-30,2024-07-12,2024-11-24,972988.23,972988.23,False,False,False,2024-25,43,135,367,True
100086,MP_8,District_3,Drinking Water,Standard public infrastructure work,Vendor_5,Government Agency,2024-06-01,2024-07-01,2025-02-10,278057.72,278057.72,False,False,False,2024-25,30,224,365,True
100087,MP_4,District_1,School Infrastructure,Standard public infrastructure work,Vendor_10,Government Agency,2024-04-14,2024-05-18,2024-12-09,841604.64,841604.64,False,False,False,2024-25,34,205,413,True
100088,MP_3,District_5,Drinking Water,Standard public infrastructure work,Vendor_15,Government Agency,2024-05-09,2024-07-04,2025-03-14,216259.06,216259.06,False,False,False,2024-25,56,253,388,True
100089,MP_3,District_3,Community Hall,Standard public infrastructure work,Vendor_8,Government Agency,2025-01-14,2025-03-06,2025-11-12,919632.81,919632.81,True,False,False,2024-25,51,251,138,True
100090,MP_4,District_3,Street Lighting,Standard public infrastructure work,Vendor_6,Government Agency,2024-04-10,2024-05-16,2025-01-13,281055.76,281055.76,True,False,False,2024-25,36,242,417,True
100091,MP_5,District_3,Road Construction,Standard public infrastructure work,Vendor_1,Government Agency,2024-11-02,2024-12-19,2025-07-07,1381781.09,1381781.09,True,False,False,2024-25,47,200,211,True
100092,MP_4,District_5,School Infrastructure,Standard public infrastructure work,Vendor_15,Government Agency,2025-01-07,2025-02-12,2025-07-16,1090923.92,1090923.92,False,False,False,2024-25,36,154,145,True
100093,MP_5,District_4,Community Hall,Standard public infrastructure work,Vendor_10,Government Agency,2024-11-04,2024-12-23,2025-03-30,743169.35,743169.35,False,False,False,2024-25,49,97,209,True
100094,MP_8,District_2,Drinking Water,Standard public infrastructure work,Vendor_1,Government Agency,2024-07-15,2024-07-28,2025-02-05,304922.77,304922.77,False,False,False,2024-25,13,192,321,True
100095,MP_1,District_4,Road Construction,Standard public infrastructure work,Vendor_9,Government Agency,2024-12-13,2025-01-20,2025-10-12,1330637.99,1330637.99,False,False,False,2024-25,38,265,170,True
100096,MP_5,District_5,Road Construction,Standard public infrastructure work,Vendor_14,Government Agency,2024-08-27,2024-09-06,2025-01-06,1275391.09,1275391.09,False,False,False,2024-25,10,122,278,True
100097,MP_9,District_5,Drinking Water,Standard public infrastructure work,Vendor_10,Government Agency,2024-06-29,2024-08-03,2025-03-19,282482.03,282482.03,True,False,False,2024-25,35,228,337,True
100098,MP_6,District_2,Road Construction,Standard public infrastructure work,Vendor_2,Government Agency,2024-09-27,2024-11-19,2025-07-15,1229043.58,1229043.58,False,False,False,2024-25,53,238,247,True
100099,MP_6,District_5,Drinking Water,Standard public infrastructure work,Vendor_17,Government Agency,2024-05-19,2024-06-26,2024-10-26,334896.27,334896.27,False,False,False,2024-25,38,122,378,True
100100,MP_7,District_1,Street Lighting,Standard public infrastructure work,Vendor_9,Government Agency,2024-12-13,2025-01-19,2025-05-21,239916.67,239916.67,False,False,False,2024-25,37,122,170,True
100101,MP_7,District_3,Community Hall,Standard public infrastructure work,Vendor_19,Government Agency,2025-01-11,2025-02-21,2025-09-26,667216.89,667216.89,True,True,False,2024-25,41,217,141,True
100102,MP_8,District_3,Road Construction,Standard public infrastructure work,Vendor_1,Government Agency,2024-08-10,2024-08-21,2025-05-27,1154104.1,1154104.1,False,False,False,2024-25,11,279,295,True
100103,MP_1,District_5,Community Hall,Standard public infrastructure work,Vendor_10,Government Agency,2024-06-26,2024-07-15,2025-04-11,980479.16,980479.16,False,False,False,2024-25,19,270,340,True
100104,MP_7,District_4,Road Construction,Standard public infrastructure work,Vendor_7,Government Agency,2024-05-24,2024-06-05,2025-03-07,1183940.19,1183940.19,True,False,False,2024-25,12,275,373,True
100105,MP_9,District_5,Community Hall,Standard public infrastructure work,Vendor_19,Government Agency,2024-07-05,2024-08-16,2025-01-14,803598.04,803598.04,False,True,False,2024-25,42,151,331,True
100106,MP_8,District_3,Street Lighting,Standard public infrastructure work,Vendor_20,Government Agency,2024-12-19,2025-01-28,2025-05-22,209460.13,209460.13,False,True,False,2024-25,40,114,164,True
100107,MP_1,District_5,Community Hall,Standard public infrastructure work,Vendor_16,Government Agency,2024-10-14,2024-11-11,2025-02-14,873912.27,873912.27,False,False,False,2024-25,28,95,230,True
100108,MP_4,District_3,Road Construction,Standard public infrastructure work,Vendor_2,Government Agency,2024-11-12,2024-12-11,2025-02-13,1140720.42,1140720.42,False,False,False,2024-25,29,64,201,True
100109,MP_5,District_4,Community Hall,Standard public infrastructure work,Vendor_20,Government Agency,2024-07-29,2024-08-29,2025-02-12,788380.88,788380.88,True,False,False,2024-25,31,167,307,True
100110,MP_7,District_1,Road Construction,Standard public infrastructure work,Vendor_19,Government Agency,2025-01-03,2025-01-14,2025-11-06,1506257.26,1506257.26,False,False,False,2024-25,11,296,149,True
100111,MP_4,District_2,Road Construction,Standard public infrastructure work,Vendor_13,Government Agency,2024-08-06,2024-09-18,2025-06-19,1215785.91,1215785.91,False,False,False,2024-25,43,274,299,True
100112,MP_5,District_2,Street Lighting,Standard public infrastructure work,Vendor_9,Government Agency,2024-04-27,2024-05-31,2025-03-16,265309.48,265309.48,False,False,False,2024-25,34,289,400,True
100113,MP_9,District_3,Road Construction,Standard public infrastructure work,Vendor_12,Government Agency,2024-10-07,2024-11-30,2025-03-22,893534.95,893534.95,True,False,False,2024-25,54,112,237,True
100114,MP_10,District_2,Street Lighting,Standard public infrastructure work,Vendor_11,Government Agency,2024-07-07,2024-08-21,2025-02-09,241562.28,241562.28,False,False,False,2024-25,45,172,329,True
100115,MP_7,District_5,Drinking Water,Standard public infrastructure work,Vendor_4,Government Agency,2024-10-18,2024-12-13,2025-07-08,354341.65,354341.65,True,False,False,2024-25,56,207,226,True
100116,MP_10,District_2,School Infrastructure,Standard public infrastructure work,Vendor_9,Government Agency,2024-05-09,2024-06-12,2024-10-10,924279.13,924279.13,False,False,False,2024-25,34,120,388,True
100117,MP_3,District_3,Road Construction,Standard public infrastructure work,Vendor_5,Government Agency,2024-04-12,2024-06-04,2025-01-21,1139726.59,1139726.59,False,True,False,2024-25,53,231,415,True
100118,MP_3,District_5,Street Lighting,Standard public infrastructure work,Vendor_17,Government Agency,2024-06-20,2024-07-15,2025-04-16,200524.45,200524.45,False,False,False,2024-25,25,275,346,True
100119,MP_7,District_5,Drinking Water,Standard public infrastructure work,Vendor_18,Government Agency,2024-04-26,2024-05-30,2024-08-09,289818.97,289818.97,False,False,False,2024-25,34,71,401,True
100120,MP_10,District_1,Road Construction,Standard public infrastructure work,Vendor_7,Government Agency,2024-07-12,2024-09-09,2025-01-05,1280395.15,1280395.15,False,False,False,2024-25,59,118,324,True
100121,MP_1,District_3,Street Lighting,Standard public infrastructure work,Vendor_13,Government Agency,2024-09-30,2024-11-12,2025-05-21,242002.29,242002.29,False,False,False,2024-25,43,190,244,True
100122,MP_7,District_4,Drinking Water,Standard public infrastructure work,Vendor_4,Government Agency,2024-11-13,2024-12-10,2025-07-18,270723.68,270723.68,False,False,False,2024-25,27,220,200,True
100123,MP_10,District_2,Community Hall,Standard public infrastructure work,Vendor_13,Government Agency,2024-05-09,2024-05-31,2024-08-16,925225.51,925225.51,False,False,False,2024-25,22,77,388,True
100124,MP_4,District_5,Drinking Water,Standard public infrastructure work,Vendor_12,Government Agency,2024-06-04,2024-07-30,2025-01-26,341392.24,341392.24,False,False,False,2024-25,56,180,362,True
100125,MP_1,District_3,School Infrastructure,Standard public infrastructure work,Vendor_14,Government Agency,2024-10-10,2024-11-18,2025-03-25,942371.37,942371.37,False,False,False,2024-25,39,127,234,True
100126,MP_5,District_1,Drinking Water,Standard public infrastructure work,Vendor_4,Government Agency,2024-08-31,2024-10-25,2025-03-21,344294.51,344294.51,False,False,False,2024-25,55,147,274,True
100127,MP_7,District_4,Street Lighting,Standard public infrastructure work,Vendor_8,Government Agency,2024-07-16,2024-08-14,2025-01-13,241975.42,241975.42,False,False,False,2024-25,29,152,320,True
100128,MP_2,District_1,Road Construction,Standard public infrastructure work,Vendor_9,Government Agency,2024-09-24,2024-10-09,2024-12-12,1299967.83,1299967.83,True,False,False,2024-25,15,64,250,True
100129,MP_9,District_3,Street Lighting,Standard public infrastructure work,Vendor_17,Government Agency,2024-11-02,2024-12-23,2025-08-02,226642.36,226642.36,False,False,False,2024-25,51,222,211,True
100130,MP_3,District_3,School Infrastructure,Standard public infrastructure work,Vendor_15,Government Agency,2024-11-12,2024-11-24,2025-05-25,882037.16,882037.16,True,False,False,2024-25,12,182,201,True
100131,MP_10,District_1,Drinking Water,Standard public infrastructure work,Vendor_5,Government Agency,2024-05-08,2024-05-28,2025-01-29,350655.55,350655.55,False,False,False,2024-25,20,246,389,True
100132,MP_8,District_3,School Infrastructure,Standard public infrastructure work,Vendor_16,Government Agency,2024-07-23,2024-09-18,2025-06-09,786477.31,786477.31,False,False,False,2024-25,57,264,313,True
100133,MP_8,District_5,School Infrastructure,Standard public infrastructure work,Vendor_19,Government Agency,2024-11-23,2024-12-05,2025-03-30,898882.46,898882.46,False,False,False,2024-25,12,115,190,True
100134,MP_1,District_3,Street Lighting,Standard public infrastructure work,Vendor_1,Government Agency,2024-10-08,2024-10-30,2025-04-14,240016.09,240016.09,False,False,False,2024-25,22,166,236,True
100135,MP_6,District_4,School Infrastructure,Standard public infrastructure work,Vendor_11,Government Agency,2024-09-07,2024-10-31,2025-02-25,863734.13,863734.13,False,False,False,2024-25,54,117,267,True
100136,MP_5,District_2,Street Lighting,Standard public infrastructure work,Vendor_2,Government Agency,2024-07-22,2024-09-08,2025-05-19,251077.93,251077.93,False,False,False,2024-25,48,253,314,True
100137,MP_9,District_1,Road Construction,Standard public infrastructure work,Vendor_13,Government Agency,2024-06-13,2024-07-27,2025-05-22,1430121.34,1430121.34,True,False,False,2024-25,44,299,353,True
100138,MP_9,District_2,Street Lighting,Standard public infrastructure work,Vendor_15,Government Agency,2024-10-10,2024-12-08,2025-04-14,256582.97,256582.97,False,False,False,2024-25,59,127,234,True
100139,MP_6,District_2,Community Hall,Standard public infrastructure work,Vendor_18,Government Agency,2024-09-11,2024-11-09,2025-01-21,849021.48,849021.48,False,False,False,2024-25,59,73,263,True
100140,MP_3,District_4,School Infrastructure,Standard public infrastructure work,Vendor_12,Government Agency,2024-11-12,2024-12-02,2025-03-29,882309.82,882309.82,True,False,False,2024-25,20,117,201,True
100141,MP_4,District_1,Community Hall,Standard public infrastructure work,Vendor_13,Government Agency,2024-06-14,2024-08-03,2024-11-09,555771.17,555771.17,False,False,False,2024-25,50,98,352,True
100142,MP_4,District_2,Street Lighting,Standard public infrastructure work,Vendor_11,Government Agency,2024-12-18,2025-01-17,2025-05-03,241659.52,241659.52,False,False,False,2024-25,30,106,165,True
100143,MP_3,District_1,School Infrastructure,Standard public infrastructure work,Vendor_3,Government Agency,2024-09-10,2024-09-20,2025-01-15,745160.59,745160.59,False,False,False,2024-25,10,117,264,True
100144,MP_1,District_1,Street Lighting,Standard public infrastructure work,Vendor_18,Government Agency,2024-04-08,2024-04-25,2024-08-22,246919.33,246919.33,True,False,False,2024-25,17,119,419,True
100145,MP_2,District_4,Community Hall,Standard public infrastructure work,Vendor_12,Government Agency,2024-04-15,2024-05-18,2024-09-14,934075.5,934075.5,False,False,False,2024-25,33,119,412,True
100146,MP_9,District_1,Street Lighting,Standard public infrastructure work,Vendor_20,Government Agency,2024-06-03,2024-07-04,2024-12-27,199064.83,199064.83,False,False,False,2024-25,31,176,363,True
100147,MP_1,District_5,Road Construction,Standard public infrastructure work,Vendor_18,Government Agency,2024-11-03,2024-12-28,2025-10-22,1143102.38,1143102.38,False,False,False,2024-25,55,298,210,True
100148,MP_1,District_4,Drinking Water,Standard public infrastructure work,Vendor_8,Government Agency,2024-06-19,2024-08-08,2025-02-28,342293.16,342293.16,True,False,False,2024-25,50,204,347,True
100149,MP_6,District_4,Street Lighting,Standard public infrastructure work,Vendor_1,Government Agency,2024-04-02,2024-04-21,2024-12-04,281725.51,281725.51,True,False,False,2024-25,19,227,425,True
100150,MP_1,District_1,Drinking Water,Standard public infrastructure work,Vendor_13,Government Agency,2024-08-21,2024-10-07,2025-03-18,237658.27,237658.27,False,False,False,2024-25,47,162,284,True
100151,MP_2,District_2,Street Lighting,Standard public infrastructure work,Vendor_17,Government Agency,2024-04-09,2024-05-28,2025-02-14,208475.52,208475.52,True,False,False,2024-25,49,262,418,True
100152,MP_6,District_1,Drinking Water,Standard public infrastructure work,Vendor_18,Government Agency,2024-04-22,2024-06-17,2024-12-20,356933.88,356933.88,True,False,False,2024-25,56,186,405,True
100153,MP_10,District_3,Drinking Water,Standard public infrastructure work,Vendor_10,Government Agency,2024-04-12,2024-05-05,2025-01-22,325171.16,325171.16,False,False,False,2024-25,23,262,415,True
100154,MP_9,District_5,Community Hall,Standard public infrastructure work,Vendor_19,Government Agency,2024-10-28,2024-12-08,2025-03-28,862740.26,862740.26,True,True,False,2024-25,41,110,216,True
100155,MP_6,District_5,Drinking Water,Standard public infrastructure work,Vendor_3,Government Agency,2024-10-24,2024-11-30,2025-08-18,274183.5,274183.5,False,False,False,2024-25,37,261,220,True
100156,MP_1,District_4,Drinking Water,Standard public infrastructure work,Vendor_20,Government Agency,2024-07-05,2024-08-03,2025-04-07,362299.9,362299.9,True,False,False,2024-25,29,247,331,True
100157,MP_9,District_4,Road Construction,Standard public infrastructure work,Vendor_2,Government Agency,2025-01-20,2025-03-06,2025-07-09,1336342.03,1336342.03,False,False,False,2024-25,45,125,132,True
100158,MP_10,District_3,Community Hall,Standard public infrastructure work,Vendor_12,Government Agency,2024-07-09,2024-08-08,2025-02-26,719301.26,719301.26,False,False,False,2024-25,30,202,327,True
100159,MP_7,District_2,Street Lighting,Standard public infrastructure work,Vendor_14,Government Agency,2024-05-11,2024-06-03,2024-08-03,164319.27,164319.27,True,False,False,2024-25,23,61,386,True
100160,MP_6,District_4,School Infrastructure,Standard public infrastructure work,Vendor_15,Government Agency,2024-04-28,2024-05-27,2024-12-02,1108204.55,1108204.55,True,False,False,2024-25,29,189,399,True
100161,MP_2,District_3,School Infrastructure,Standard public infrastructure work,Vendor_5,Government Agency,2025-01-12,2025-01-22,2025-09-06,1143607.11,1143607.11,False,False,False,2024-25,10,227,140,True
100162,MP_10,District_3,Road Construction,Standard public infrastructure work,Vendor_10,Government Agency,2024-06-03,2024-06-17,2024-09-04,1040340.35,1040340.35,False,False,False,2024-25,14,79,363,True
100163,MP_6,District_4,Street Lighting,Standard public infrastructure work,Vendor_11,Government Agency,2024-07-29,2024-09-13,2025-05-05,265905.27,265905.27,False,False,False,2024-25,46,234,307,True
100164,MP_8,District_4,Street Lighting,Standard public infrastructure work,Vendor_20,Government Agency,2024-05-05,2024-06-20,2024-09-07,247314.95,247314.95,True,False,False,2024-25,46,79,392,True
100165,MP_6,District_5,School Infrastructure,Standard public infrastructure work,Vendor_5,Government Agency,2024-09-28,2024-11-09,2025-07-05,894975.0,894975.0,True,False,False,2024-25,42,238,246,True
100166,MP_2,District_3,Community Hall,Standard public infrastructure work,Vendor_2,Government Agency,2024-08-29,2024-10-20,2025-06-14,614664.26,614664.26,False,False,False,2024-25,52,237,276,True
100167,MP_4,District_2,Road Construction,Standard public infrastructure work,Vendor_8,Government Agency,2024-04-05,2024-06-03,2024-10-25,1290617.23,1290617.23,True,False,False,2024-25,59,144,422,True
100168,MP_6,District_2,Drinking Water,Standard public infrastructure work,Vendor_11,Government Agency,2024-06-15,2024-07-11,2024-10-04,298610.06,298610.06,False,False,False,2024-25,26,85,351,True
100169,MP_8,District_1,Street Lighting,Standard public infrastructure work,Vendor_1,Government Agency,2024-06-08,2024-06-18,2025-01-10,325127.77,325127.77,False,False,False,2024-25,10,206,358,True
100170,MP_9,District_2,Street Lighting,Standard public infrastructure work,Vendor_2,Government Agency,2024-07-07,2024-09-02,2024-11-13,247594.81,247594.81,False,False,False,2024-25,57,72,329,True
100171,MP_6,District_4,Community Hall,Standard public infrastructure work,Vendor_6,Government Agency,2024-08-07,2024-09-19,2025-02-07,839451.49,839451.49,False,False,False,2024-25,43,141,298,True
100172,MP_8,District_1,School Infrastructure,Standard public infrastructure work,Vendor_15,Government Agency,2024-11-10,2024-12-04,2025-06-30,1080645.55,1080645.55,False,False,False,2024-25,24,208,203,True
100173,MP_1,District_3,Street Lighting,Standard public infrastructure work,Vendor_6,Government Agency,2024-12-21,2025-01-25,2025-04-05,309489.02,309489.02,False,False,False,2024-25,35,70,162,True
100174,MP_3,District_5,Road Construction,Standard public infrastructure work,Vendor_8,Government Agency,2025-01-18,2025-02-25,2025-09-26,750106.97,750106.97,True,False,False,2024-25,38,213,134,True
100175,MP_4,District_3,Road Construction,Standard public infrastructure work,Vendor_12,Government Agency,2024-07-26,2024-09-16,2025-07-09,1612369.66,1612369.66,False,False,False,2024-25,52,296,310,True
100176,MP_9,District_4,Community Hall,Standard public infrastructure work,Vendor_19,Government Agency,2024-09-04,2024-09-17,2025-07-13,709524.25,709524.25,False,False,False,2024-25,13,299,270,True
100177,MP_3,District_2,Street Lighting,Standard public infrastructure work,Vendor_18,Government Agency,2024-12-19,2024-12-30,2025-08-23,239474.68,239474.68,False,False,False,2024-25,11,236,164,True
100178,MP_10,District_5,Drinking Water,Standard public infrastructure work,Vendor_10,Government Agency,2024-08-19,2024-08-29,2025-04-17,262982.04,262982.04,True,False,False,2024-25,10,231,286,True
100179,MP_7,District_5,Street Lighting,Standard public infrastructure work,Vendor_9,Government Agency,2024-07-30,2024-09-03,2024-11-10,244362.18,244362.18,False,False,False,2024-25,35,68,306,True
100180,MP_10,District_1,Road Construction,Standard public infrastructure work,Vendor_5,Government Agency,2024-09-11,2024-10-26,2025-02-22,1392573.09,1392573.09,False,False,False,2024-25,45,119,263,True
100181,MP_10,District_1,Road Construction,Standard public infrastructure work,Vendor_5,Government Agency,2024-07-28,2024-09-22,2025-01-08,1035669.35,1035669.35,False,False,False,2024-25,56,108,308,True
100182,MP_5,District_1,School Infrastructure,Standard public infrastructure work,Vendor_15,Government Agency,2024-12-10,2024-12-30,2025-07-15,805452.91,805452.91,False,False,False,2024-25,20,197,173,True
100183,MP_9,District_2,Community Hall,Standard public infrastructure work,Vendor_7,Government Agency,2024-09-14,2024-10-14,2025-05-07,722840.21,722840.21,False,False,False,2024-25,30,205,260,True
100184,MP_9,District_1,Community Hall,Standard public infrastructure work,Vendor_7,Government Agency,2024-07-18,2024-07-31,2025-05-04,925113.06,925113.06,False,False,False,2024-25,13,277,318,True
100185,MP_4,District_5,Drinking Water,Standard public infrastructure work,Vendor_4,Government Agency,2024-10-13,2024-10-25,2025-03-06,276606.6,276606.6,False,False,False,2024-25,12,132,231,True
100186,MP_1,District_4,Road Construction,Standard public infrastructure work,Vendor_5,Government Agency,2025-01-25,2025-02-11,2025-11-27,1235310.16,1235310.16,False,False,False,2024-25,17,289,127,True
100187,MP_10,District_3,Road Construction,Standard public infrastructure work,Vendor_12,Government Agency,2025-01-11,2025-01-22,2025-07-02,1091660.3,1091660.3,False,False,False,2024-25,11,161,141,True
100188,MP_4,District_4,Road Construction,Standard public infrastructure work,Vendor_4,Government Agency,2024-07-30,2024-09-24,2025-01-16,1219888.3,1219888.3,False,True,False,2024-25,56,114,306,True
100189,MP_7,District_4,Drinking Water,Standard public infrastructure work,Vendor_16,Government Agency,2024-11-23,2024-12-14,2025-06-27,317008.27,317008.27,False,False,False,2024-25,21,195,190,True
100190,MP_7,District_4,Community Hall,Standard public infrastructure work,Vendor_8,Government Agency,2024-11-17,2024-12-26,2025-07-22,709604.21,709604.21,True,False,False,2024-25,39,208,196,True
100191,MP_1,District_5,Street Lighting,Standard public infrastructure work,Vendor_6,Government Agency,2024-11-23,2025-01-05,2025-07-25,279599.34,279599.34,True,False,False,2024-25,43,201,190,True
100192,MP_2,District_1,School Infrastructure,Standard public infrastructure work,Vendor_2,Government Agency,2024-10-13,2024-11-02,2025-03-08,911770.16,911770.16,False,False,False,2024-25,20,126,231,True
100193,MP_2,District_3,Community Hall,Standard public infrastructure work,Vendor_15,Government Agency,2024-11-25,2024-12-26,2025-04-24,884970.69,884970.69,False,False,False,2024-25,31,119,188,True
100194,MP_1,District_2,Road Construction,Standard public infrastructure work,Vendor_13,Government Agency,2024-04-14,2024-05-23,2025-02-12,1365433.77,1365433.77,False,False,False,2024-25,39,265,413,True
100195,MP_9,District_5,Community Hall,Standard public infrastructure work,Vendor_2,Government Agency,2024-12-12,2025-01-17,2025-07-25,765167.05,765167.05,False,False,False,2024-25,36,189,171,True
100196,MP_10,District_1,Road Construction,Standard public infrastructure work,Vendor_1,Government Agency,2024-04-25,2024-06-19,2024-11-05,1195495.15,1195495.15,False,False,False,2024-25,55,139,402,True
100197,MP_5,District_2,School Infrastructure,Standard public infrastructure work,Vendor_2,Government Agency,2024-04-12,2024-04-25,2024-07-18,1010398.45,1010398.45,False,True,False,2024-25,13,84,415,True
100198,MP_4,District_2,School Infrastructure,Standard public infrastructure work,Vendor_6,Government Agency,2024-08-08,2024-09-17,2024-11-20,676381.56,676381.56,False,False,False,2024-25,40,64,297,True
100199,MP_2,District_5,Drinking Water,Standard public infrastructure work,Vendor_19,Government Agency,2024-12-19,2025-01-06,2025-06-13,356539.64,356539.64,True,False,False,2024-25,18,158,164,True
100200,MP_1,District_4,Street Lighting,Standard public infrastructure work,Vendor_7,Government Agency,2024-09-25,2024-11-02,2025-02-21,222512.27,222512.27,False,False,False,2024-25,38,111,249,True
100201,MP_5,District_4,School Infrastructure,Standard public infrastructure work,Vendor_3,Government Agency,2024-11-15,2024-12-01,2025-07-03,799655.85,799655.85,False,False,False,2024-25,16,214,198,True
100202,MP_6,District_5,Road Construction,Standard public infrastructure work,Vendor_6,Government Agency,2024-11-28,2025-01-15,2025-07-26,1355358.04,1355358.04,False,True,False,2024-25,48,192,185,True
100203,MP_5,District_5,Road Construction,Standard public infrastructure work,Vendor_5,Government Agency,2024-10-05,2024-11-28,2025-07-05,1056640.77,1056640.77,False,False,False,2024-25,54,219,239,True
100204,MP_5,District_4,School Infrastructure,Standard public infrastructure work,Vendor_4,Government Agency,2024-05-12,2024-06-08,2025-03-26,847404.46,847404.46,False,False,False,2024-25,27,291,385,True
100205,MP_5,District_2,School Infrastructure,Standard public infrastructure work,Vendor_17,Government Agency,2024-08-07,2024-09-26,2025-06-04,974767.5,974767.5,False,False,False,2024-25,50,251,298,True
100206,MP_2,District_4,School Infrastructure,Standard public infrastructure work,Vendor_1,Government Agency,2024-06-18,2024-07-08,2024-10-09,888073.74,888073.74,False,False,False,2024-25,20,93,348,True
100207,MP_1,District_4,School Infrastructure,Standard public infrastructure work,Vendor_19,Government Agency,2024-04-08,2024-04-22,2024-11-27,1024382.2,1024382.2,False,False,False,2024-25,14,219,419,True
100208,MP_8,District_1,Community Hall,Standard public infrastructure work,Vendor_1,Government Agency,2024-04-28,2024-06-22,2025-04-05,703700.87,703700.87,False,False,False,2024-25,55,287,399,True
100209,MP_3,District_3,Road Construction,Standard public infrastructure work,Vendor_5,Government Agency,2024-08-16,2024-08-30,2025-01-30,1433786.04,1433786.04,False,True,False,2024-25,14,153,289,True
100210,MP_6,District_4,Drinking Water,Standard public infrastructure work,Vendor_8,Government Agency,2024-06-17,2024-06-28,2025-03-21,327320.9,327320.9,False,False,False,2024-25,11,266,349,True
100211,MP_9,District_1,Drinking Water,Standard public infrastructure work,Vendor_18,Government Agency,2024-12-14,2025-01-02,2025-07-29,359002.15,359002.15,True,False,False,2024-25,19,208,169,True
100212,MP_6,District_5,School Infrastructure,Standard public infrastructure work,Vendor_16,Government Agency,2024-09-30,2024-10-20,2024-12-28,972669.97,972669.97,False,False,False,2024-25,20,69,244,True
100213,MP_9,District_1,Community Hall,Standard public infrastructure work,Vendor_14,Government Agency,2024-10-30,2024-12-03,2025-05-25,928700.88,928700.88,False,False,False,2024-25,34,173,214,True
100214,MP_3,District_1,School Infrastructure,Standard public infrastructure work,Vendor_3,Government Agency,2024-08-27,2024-10-14,2024-12-24,736318.27,736318.27,False,False,False,2024-25,48,71,278,True
100215,MP_8,District_4,Community Hall,Standard public infrastructure work,Vendor_11,Government Agency,2024-12-14,2025-01-17,2025-04-08,936258.2,936258.2,False,False,False,2024-25,34,81,169,True
100216,MP_5,District_4,Community Hall,Standard public infrastructure work,Vendor_18,Government Agency,2024-10-06,2024-11-08,2025-02-19,803657.46,803657.46,False,False,False,2024-25,33,103,238,True
100217,MP_1,District_3,Community Hall,Standard public infrastructure work,Vendor_7,Government Agency,2024-08-14,2024-10-06,2025-03-25,620967.66,620967.66,False,False,False,2024-25,53,170,291,True
100218,MP_10,District_2,Drinking Water,Standard public infrastructure work,Vendor_12,Government Agency,2024-11-17,2025-01-07,2025-06-13,290593.95,290593.95,False,False,False,2024-25,51,157,196,True
100219,MP_2,District_1,School Infrastructure,Standard public infrastructure work,Vendor_9,Government Agency,2024-04-12,2024-05-27,2024-10-19,785179.74,785179.74,False,False,False,2024-25,45,145,415,True
100220,MP_1,District_1,Road Construction,Standard public infrastructure work,Vendor_20,Government Agency,2024-07-20,2024-08-04,2024-11-27,1040251.41,1040251.41,False,False,False,2024-25,15,115,316,True
100221,MP_4,District_4,Road Construction,Standard public infrastructure work,Vendor_3,Government Agency,2024-10-19,2024-11-23,2025-02-27,1121257.51,1121257.51,False,True,False,2024-25,35,96,225,True
100222,MP_6,District_4,Street Lighting,Standard public infrastructure work,Vendor_13,Government Agency,2024-10-03,2024-10-16,2025-07-23,256791.87,256791.87,False,True,False,2024-25,13,280,241,True
100223,MP_7,District_4,Street Lighting,Standard public infrastructure work,Vendor_2,Government Agency,2024-10-28,2024-12-06,2025-04-26,218658.92,218658.92,False,True,False,2024-25,39,141,216,True
100224,MP_6,District_5,Street Lighting,Standard public infrastructure work,Vendor_6,Government Agency,2024-07-22,2024-08-19,2025-04-11,270747.73,270747.73,False,False,False,2024-25,28,235,314,True
100225,MP_7,District_1,Road Construction,Standard public infrastructure work,Vendor_20,Government Agency,2024-07-27,2024-09-23,2025-06-29,1111123.21,1111123.21,False,False,False,2024-25,58,279,309,True
100226,MP_1,District_1,Street Lighting,Standard public infrastructure work,Vendor_20,Government Agency,2024-08-15,2024-08-30,2024-12-14,236889.54,236889.54,False,False,False,2024-25,15,106,290,True
100227,MP_10,District_5,Drinking Water,Standard public infrastructure work,Vendor_20,Government Agency,2024-12-10,2024-12-29,2025-04-17,311774.83,311774.83,True,False,False,2024-25,19,109,173,True
100228,MP_6,District_5,Drinking Water,Standard public infrastructure work,Vendor_13,Government Agency,2024-06-13,2024-06-27,2024-11-26,281486.06,281486.06,False,False,False,2024-25,14,152,353,True
100229,MP_5,District_4,Road Construction,Standard public infrastructure work,Vendor_4,Government Agency,2024-07-09,2024-08-26,2024-12-02,1295174.79,1295174.79,False,False,False,2024-25,48,98,327,True
100230,MP_6,District_1,Street Lighting,Standard public infrastructure work,Vendor_12,Government Agency,2024-07-15,2024-08-17,2025-05-20,264824.1,264824.1,False,True,False,2024-25,33,276,321,True
100231,MP_6,District_4,Community Hall,Standard public infrastructure work,Vendor_14,Government Agency,2024-11-03,2024-11-22,2025-04-10,731187.46,731187.46,False,False,False,2024-25,19,139,210,True
100232,MP_6,District_4,Drinking Water,Standard public infrastructure work,Vendor_13,Government Agency,2024-06-09,2024-07-09,2025-03-21,347387.58,347387.58,False,False,False,2024-25,30,255,357,True
100233,MP_2,District_3,Street Lighting,Standard public infrastructure work,Vendor_15,Government Agency,2024-08-20,2024-10-16,2025-07-01,326248.95,326248.95,False,False,False,2024-25,57,258,285,True
100234,MP_9,District_5,Road Construction,Standard public infrastructure work,Vendor_18,Government Agency,2024-09-08,2024-10-24,2025-07-26,1280280.02,1280280.02,False,False,False,2024-25,46,275,266,True
100235,MP_2,District_5,Street Lighting,Standard public infrastructure work,Vendor_10,Government Agency,2024-05-31,2024-06-16,2024-11-08,223627.32,223627.32,False,False,False,2024-25,16,145,366,True
100236,MP_2,District_4,Road Construction,Standard public infrastructure work,Vendor_11,Government Agency,2024-06-04,2024-06-30,2024-12-04,1231759.48,1231759.48,True,False,False,2024-25,26,157,362,True
100237,MP_10,District_5,School Infrastructure,Standard public infrastructure work,Vendor_2,Government Agency,2024-08-22,2024-09-22,2025-03-12,850451.24,850451.24,False,True,False,2024-25,31,171,283,True
100238,MP_3,District_5,Street Lighting,Standard public infrastructure work,Vendor_15,Government Agency,2024-05-02,2024-05-21,2024-10-26,302395.99,302395.99,True,False,False,2024-25,19,158,395,True
100239,MP_7,District_5,Street Lighting,Standard public infrastructure work,Vendor_4,Government Agency,2024-10-30,2024-12-24,2025-06-17,252137.99,252137.99,False,False,False,2024-25,55,175,214,True
100240,MP_6,District_4,Street Lighting,Standard public infrastructure work,Vendor_14,Government Agency,2024-12-04,2025-01-10,2025-04-05,239057.08,239057.08,False,False,False,2024-25,37,85,179,True
100241,MP_3,District_4,Drinking Water,Standard public infrastructure work,Vendor_10,Government Agency,2024-09-25,2024-11-08,2025-01-12,229656.41,229656.41,False,False,False,2024-25,44,65,249,True
100242,MP_3,District_5,Community Hall,Standard public infrastructure work,Vendor_11,Government Agency,2024-06-11,2024-07-14,2025-04-19,813592.45,813592.45,False,False,False,2024-25,33,279,355,True
100243,MP_7,District_1,Road Construction,Standard public infrastructure work,Vendor_10,Government Agency,2024-12-15,2025-01-13,2025-09-27,941109.96,941109.96,False,False,False,2024-25,29,257,168,True
100244,MP_2,District_3,Drinking Water,Standard public infrastructure work,Vendor_1,Government Agency,2024-12-02,2025-01-12,2025-07-14,295765.38,295765.38,False,False,False,2024-25,41,183,181,True
100245,MP_3,District_1,Street Lighting,Standard public infrastructure work,Vendor_11,Government Agency,2024-04-21,2024-06-15,2024-12-10,237919.77,237919.77,False,False,False,2024-25,55,178,406,True
100246,MP_2,District_4,Street Lighting,Standard public infrastructure work,Vendor_6,Government Agency,2024-09-01,2024-09-13,2025-02-16,264620.76,264620.76,True,False,False,2024-25,12,156,273,True
100247,MP_5,District_3,School Infrastructure,Standard public infrastructure work,Vendor_9,Government Agency,2024-10-30,2024-12-16,2025-08-10,795730.08,795730.08,True,False,False,2024-25,47,237,214,True
100248,MP_8,District_2,Community Hall,Standard public infrastructure work,Vendor_12,Government Agency,2024-09-10,2024-10-10,2025-05-13,680083.73,680083.73,False,False,False,2024-25,30,215,264,True
100249,MP_4,District_2,Drinking Water,Standard public infrastructure work,Vendor_19,Government Agency,2024-09-23,2024-11-18,2025-04-08,277285.13,277285.13,False,False,False,2024-25,56,141,251,True
100250,MP_6,District_1,School Infrastructure,Standard public infrastructure work,Vendor_12,Government Agency,2024-06-05,2024-07-19,2024-10-19,954503.56,954503.56,True,False,False,2024-25,44,92,361,True
100251,MP_3,District_4,Drinking Water,Standard public infrastructure work,Vendor_20,Government Agency,2024-06-06,2024-06-16,2025-03-02,298911.2,298911.2,True,True,False,2024-25,10,259,360,True
100252,MP_4,District_2,Drinking Water,Standard public infrastructure work,Vendor_15,Government Agency,2024-08-20,2024-10-03,2025-01-27,254985.09,254985.09,False,False,False,2024-25,44,116,285,True
100253,MP_4,District_4,Drinking Water,Standard public infrastructure work,Vendor_7,Government Agency,2024-07-24,2024-08-11,2025-01-16,269501.48,269501.48,True,False,False,2024-25,18,158,312,True
100254,MP_1,District_3,Community Hall,Standard public infrastructure work,Vendor_2,Government Agency,2024-06-23,2024-08-07,2024-12-16,595414.57,595414.57,True,False,False,2024-25,45,131,343,True
100255,MP_1,District_1,Road Construction,Standard public infrastructure work,Vendor_6,Government Agency,2024-12-31,2025-02-01,2025-08-29,790141.58,790141.58,False,False,False,2024-25,32,209,152,True
100256,MP_9,District_4,Street Lighting,Standard public infrastructure work,Vendor_13,Government Agency,2024-09-11,2024-10-09,2025-05-31,283324.85,283324.85,False,False,False,2024-25,28,234,263,True
100257,MP_8,District_1,Drinking Water,Standard public infrastructure work,Vendor_1,Government Agency,2024-11-08,2024-12-12,2025-07-01,276296.01,276296.01,False,False,False,2024-25,34,201,205,True
100258,MP_9,District_4,Community Hall,Standard public infrastructure work,Vendor_4,Government Agency,2024-12-24,2025-01-18,2025-10-25,656227.51,656227.51,False,False,False,2024-25,25,280,159,True
100259,MP_3,District_3,Road Construction,Standard public infrastructure work,Vendor_5,Government Agency,2024-10-18,2024-12-14,2025-03-03,970831.24,970831.24,False,False,False,2024-25,57,79,226,True
100260,MP_9,District_4,Community Hall,Standard public infrastructure work,Vendor_17,Government Agency,2024-04-21,2024-05-19,2024-08-12,665549.28,665549.28,True,False,False,2024-25,28,85,406,True
100261,MP_3,District_4,Drinking Water,Standard public infrastructure work,Vendor_19,Government Agency,2024-06-15,2024-06-28,2024-10-20,295052.8,295052.8,False,False,False,2024-25,13,114,351,True
100262,MP_3,District_4,Road Construction,Standard public infrastructure work,Vendor_2,Government Agency,2024-10-27,2024-11-13,2025-04-08,1263577.33,1263577.33,False,False,False,2024-25,17,146,217,True
100263,MP_1,District_5,Street Lighting,Standard public infrastructure work,Vendor_6,Government Agency,2024-07-02,2024-08-06,2024-10-31,249258.05,249258.05,True,False,False,2024-25,35,86,334,True
100264,MP_1,District_3,Community Hall,Standard public infrastructure work,Vendor_16,Government Agency,2024-10-07,2024-10-29,2025-07-04,692680.09,692680.09,True,True,False,2024-25,22,248,237,True
100265,MP_8,District_3,Street Lighting,Standard public infrastructure work,Vendor_1,Government Agency,2024-07-15,2024-08-19,2024-11-25,224897.12,224897.12,False,False,False,2024-25,35,98,321,True
100266,MP_6,District_1,Drinking Water,Standard public infrastructure work,Vendor_5,Government Agency,2024-05-09,2024-06-08,2024-09-26,338237.25,338237.25,False,False,False,2024-25,30,110,388,True
100267,MP_3,District_3,School Infrastructure,Standard public infrastructure work,Vendor_14,Government Agency,2024-06-11,2024-08-04,2024-10-03,822335.89,822335.89,False,False,False,2024-25,54,60,355,True
100268,MP_8,District_5,School Infrastructure,Standard public infrastructure work,Vendor_13,Government Agency,2024-04-08,2024-06-01,2024-10-28,686539.26,686539.26,False,False,False,2024-25,54,149,419,True
100269,MP_9,District_3,School Infrastructure,Standard public infrastructure work,Vendor_15,Government Agency,2024-09-08,2024-10-10,2025-06-03,1020830.17,1020830.17,False,False,False,2024-25,32,236,266,True
100270,MP_4,District_2,School Infrastructure,Standard public infrastructure work,Vendor_19,Government Agency,2024-05-11,2024-07-08,2025-04-18,1052824.72,1052824.72,False,False,False,2024-25,58,284,386,True
100271,MP_7,District_2,School Infrastructure,Standard public infrastructure work,Vendor_9,Government Agency,2024-10-27,2024-11-15,2025-07-26,1196878.25,1196878.25,False,False,False,2024-25,19,253,217,True
100272,MP_3,District_1,Drinking Water,Standard public infrastructure work,Vendor_7,Government Agency,2025-01-21,2025-02-26,2025-08-21,317169.24,317169.24,False,True,False,2024-25,36,176,131,True
100273,MP_2,District_1,Drinking Water,Standard public infrastructure work,Vendor_12,Government Agency,2024-10-30,2024-12-13,2025-10-03,328646.83,328646.83,False,False,False,2024-25,44,294,214,True
100274,MP_1,District_1,Drinking Water,Standard public infrastructure work,Vendor_6,Government Agency,2024-07-31,2024-08-27,2025-04-07,321194.03,321194.03,False,False,False,2024-25,27,223,305,True
100275,MP_2,District_3,Community Hall,Standard public infrastructure work,Vendor_12,Government Agency,2024-05-18,2024-06-11,2024-09-19,901472.18,901472.18,False,False,False,2024-25,24,100,379,True
100276,MP_10,District_3,Drinking Water,Standard public infrastructure work,Vendor_4,Government Agency,2024-05-26,2024-07-08,2025-03-08,325957.72,325957.72,True,False,False,2024-25,43,243,371,True
100277,MP_1,District_1,Street Lighting,Standard public infrastructure work,Vendor_19,Government Agency,2024-08-04,2024-09-11,2025-05-30,160310.44,160310.44,False,False,False,2024-25,38,261,301,True
100278,MP_1,District_1,School Infrastructure,Standard public infrastructure work,Vendor_8,Government Agency,2024-06-06,2024-06-27,2025-04-12,733362.9,733362.9,False,False,False,2024-25,21,289,360,True
100279,MP_4,District_2,Community Hall,Standard public infrastructure work,Vendor_14,Government Agency,2024-12-18,2025-02-08,2025-10-17,728904.29,728904.29,False,False,False,2024-25,52,251,165,True
100280,MP_5,District_2,School Infrastructure,Standard public infrastructure work,Vendor_5,Government Agency,2025-01-10,2025-02-11,2025-08-23,887386.4,887386.4,False,False,False,2024-25,32,193,142,True
100281,MP_4,District_1,School Infrastructure,Standard public infrastructure work,Vendor_16,Government Agency,2024-09-09,2024-10-10,2025-02-14,930912.63,930912.63,False,False,False,2024-25,31,127,265,True
100282,MP_6,District_5,Community Hall,Standard public infrastructure work,Vendor_19,Government Agency,2024-04-21,2024-06-14,2024-10-02,927468.12,927468.12,True,False,False,2024-25,54,110,406,True
100283,MP_7,District_4,Community Hall,Standard public infrastructure work,Vendor_1,Government Agency,2024-07-20,2024-08-26,2025-05-03,743907.88,743907.88,True,False,False,2024-25,37,250,316,True
100284,MP_2,District_3,Street Lighting,Standard public infrastructure work,Vendor_19,Government Agency,2024-12-31,2025-01-27,2025-07-09,276637.47,276637.47,False,False,False,2024-25,27,163,152,True
100285,MP_5,District_5,Street Lighting,Standard public infrastructure work,Vendor_5,Government Agency,2024-06-03,2024-06-29,2024-12-06,282066.57,282066.57,False,False,False,2024-25,26,160,363,True
100286,MP_5,District_2,Community Hall,Standard public infrastructure work,Vendor_13,Government Agency,2024-04-20,2024-05-10,2025-02-24,734546.48,734546.48,True,False,False,2024-25,20,290,407,True
100287,MP_9,District_2,Street Lighting,Standard public infrastructure work,Vendor_6,Government Agency,2024-11-22,2024-12-18,2025-06-10,248161.25,248161.25,False,False,False,2024-25,26,174,191,True
100288,MP_4,District_2,Street Lighting,Standard public infrastructure work,Vendor_6,Government Agency,2024-11-28,2024-12-30,2025-07-20,350256.66,350256.66,False,False,False,2024-25,32,202,185,True
100289,MP_1,District_3,School Infrastructure,Standard public infrastructure work,Vendor_14,Government Agency,2024-11-25,2024-12-31,2025-05-21,1029172.55,1029172.55,False,False,False,2024-25,36,141,188,True
100290,MP_4,District_5,Community Hall,Standard public infrastructure work,Vendor_16,Government Agency,2024-10-06,2024-11-22,2025-03-28,677212.67,677212.67,False,False,False,2024-25,47,126,238,True
100291,MP_7,District_2,School Infrastructure,Standard public infrastructure work,Vendor_11,Government Agency,2025-01-02,2025-01-14,2025-05-07,792752.48,792752.48,False,False,False,2024-25,12,113,150,True
100292,MP_2,District_1,Community Hall,Standard public infrastructure work,Vendor_15,Government Agency,2024-10-05,2024-10-29,2025-02-02,945111.93,945111.93,True,False,False,2024-25,24,96,239,True
100293,MP_9,District_1,Street Lighting,Standard public infrastructure work,Vendor_3,Government Agency,2024-12-16,2024-12-27,2025-09-03,196016.35,196016.35,True,False,False,2024-25,11,250,167,True
100294,MP_6,District_3,Community Hall,Standard public infrastructure work,Vendor_8,Government Agency,2024-08-01,2024-09-24,2025-07-04,812814.46,812814.46,True,False,False,2024-25,54,283,304,True
100295,MP_6,District_2,Drinking Water,Standard public infrastructure work,Vendor_2,Government Agency,2024-04-13,2024-06-03,2024-12-03,293935.41,293935.41,False,True,False,2024-25,51,183,414,True
100296,MP_8,District_4,Road Construction,Standard public infrastructure work,Vendor_7,Government Agency,2024-11-19,2024-12-25,2025-06-20,913331.8,913331.8,False,False,False,2024-25,36,177,194,True
100297,MP_5,District_5,School Infrastructure,Standard public infrastructure work,Vendor_19,Government Agency,2024-09-30,2024-10-28,2025-02-21,797730.79,797730.79,False,False,False,2024-25,28,116,244,True
100298,MP_7,District_2,Road Construction,Standard public infrastructure work,Vendor_4,Government Agency,2024-05-23,2024-07-03,2024-12-23,1083195.5,1083195.5,False,False,False,2024-25,41,173,374,True
100299,MP_8,District_4,School Infrastructure,Standard public infrastructure work,Vendor_8,Government Agency,2024-12-04,2024-12-31,2025-03-12,925527.49,925527.49,False,False,False,2024-25,27,71,179,True
100300,MP_2,District_3,Drinking Water,Standard public infrastructure work,Vendor_12,Government Agency,2025-01-19,2025-03-18,2025-08-17,260837.96,260837.96,True,False,False,2024-25,58,152,133,True
100301,MP_1,District_2,Drinking Water,Standard public infrastructure work,Vendor_6,Government Agency,2024-08-17,2024-08-31,2025-04-19,290382.95,290382.95,False,False,False,2024-25,14,231,288,True
100302,MP_9,District_1,Community Hall,Standard public infrastructure work,Vendor_19,Government Agency,2024-06-22,2024-07-05,2024-12-11,928352.99,928352.99,False,False,False,2024-25,13,159,344,True
100303,MP_1,District_4,Community Hall,Standard public infrastructure work,Vendor_5,Government Agency,2024-11-03,2024-11-29,2025-08-01,822755.37,822755.37,True,False,False,2024-25,26,245,210,True
100304,MP_8,District_2,School Infrastructure,Standard public infrastructure work,Vendor_11,Government Agency,2024-07-03,2024-08-25,2024-11-03,925853.44,925853.44,False,False,False,2024-25,53,70,333,True
100305,MP_9,District_5,Street Lighting,Standard public infrastructure work,Vendor_19,Government Agency,2024-04-28,2024-05-26,2024-12-11,252563.9,252563.9,False,False,False,2024-25,28,199,399,True
100306,MP_9,District_3,Road Construction,Standard public infrastructure work,Vendor_14,Government Agency,2024-08-15,2024-09-30,2025-04-18,1148449.46,1148449.46,False,False,False,2024-25,46,200,290,True
100307,MP_9,District_3,Drinking Water,Standard public infrastructure work,Vendor_4,Government Agency,2024-11-02,2024-12-26,2025-05-21,314733.89,314733.89,False,False,False,2024-25,54,146,211,True
100308,MP_8,District_4,Road Construction,Standard public infrastructure work,Vendor_3,Government Agency,2024-04-21,2024-05-21,2024-08-16,1393531.67,1393531.67,False,False,False,2024-25,30,87,406,True
100309,MP_3,District_5,Drinking Water,Standard public infrastructure work,Vendor_17,Government Agency,2024-05-16,2024-06-04,2024-09-24,238408.3,238408.3,False,False,False,2024-25,19,112,381,True
100310,MP_5,District_2,Drinking Water,Standard public infrastructure work,Vendor_4,Government Agency,2024-11-14,2024-12-05,2025-08-03,261341.04,261341.04,False,False,False,2024-25,21,241,199,True
100311,MP_10,District_4,Road Construction,Standard public infrastructure work,Vendor_6,Government Agency,2024-07-13,2024-07-23,2024-12-13,1415160.5,1415160.5,False,False,False,2024-25,10,143,323,True
100312,MP_10,District_4,Community Hall,Standard public infrastructure work,Vendor_10,Government Agency,2024-08-31,2024-10-13,2025-05-25,880743.35,880743.35,False,True,False,2024-25,43,224,274,True
100313,MP_1,District_2,Street Lighting,Standard public infrastructure work,Vendor_12,Government Agency,2024-08-13,2024-09-07,2025-06-01,272193.03,272193.03,False,False,False,2024-25,25,267,292,True
100314,MP_4,District_3,Drinking Water,Standard public infrastructure work,Vendor_11,Government Agency,2024-10-12,2024-10-29,2025-02-10,316704.58,316704.58,False,False,False,2024-25,17,104,232,True
100315,MP_9,District_5,Road Construction,Standard public infrastructure work,Vendor_2,Government Agency,2024-11-04,2024-12-11,2025-09-01,1407582.94,1407582.94,False,False,False,2024-25,37,264,209,True
100316,MP_4,District_2,Drinking Water,Standard public infrastructure work,Vendor_5,Government Agency,2024-04-17,2024-05-07,2024-11-25,395689.6,395689.6,False,False,False,2024-25,20,202,410,True
100317,MP_10,District_4,Road Construction,Standard public infrastructure work,Vendor_10,Government Agency,2024-06-07,2024-07-31,2024-12-20,1277935.8,1277935.8,True,False,False,2024-25,54,142,359,True
100318,MP_1,District_1,Street Lighting,Standard public infrastructure work,Vendor_6,Government Agency,2024-11-27,2025-01-22,2025-08-28,240138.29,240138.29,False,True,False,2024-25,56,218,186,True
100319,MP_2,District_5,Street Lighting,Standard public infrastructure work,Vendor_20,Government Agency,2024-11-12,2025-01-01,2025-09-20,181160.83,181160.83,True,False,False,2024-25,50,262,201,True
100320,MP_10,District_5,School Infrastructure,Standard public infrastructure work,Vendor_6,Government Agency,2024-11-08,2024-12-05,2025-04-21,1013606.33,1013606.33,False,False,False,2024-25,27,137,205,True
100321,MP_3,District_5,Street Lighting,Standard public infrastructure work,Vendor_13,Government Agency,2024-05-20,2024-07-11,2024-12-25,226838.63,226838.63,False,False,False,2024-25,52,167,377,True
100322,MP_6,District_1,Street Lighting,Standard public infrastructure work,Vendor_3,Government Agency,2024-06-28,2024-08-02,2025-04-08,152854.53,152854.53,False,False,False,2024-25,35,249,338,True
100323,MP_2,District_3,Road Construction,Standard public infrastructure work,Vendor_6,Government Agency,2024-12-29,2025-01-11,2025-06-27,1191186.27,1191186.27,False,False,False,2024-25,13,167,154,True
100324,MP_5,District_2,Road Construction,Standard public infrastructure work,Vendor_8,Government Agency,2024-05-09,2024-06-19,2025-04-02,1184719.83,1184719.83,False,False,False,2024-25,41,287,388,True
100325,MP_1,District_3,Street Lighting,Standard public infrastructure work,Vendor_18,Government Agency,2024-06-13,2024-07-14,2024-12-13,203375.35,203375.35,False,True,False,2024-25,31,152,353,True
100326,MP_4,District_5,Street Lighting,Standard public infrastructure work,Vendor_10,Government Agency,2024-08-19,2024-09-05,2025-04-28,231626.87,231626.87,True,False,False,2024-25,17,235,286,True
100327,MP_10,District_4,Drinking Water,Standard public infrastructure work,Vendor_2,Government Agency,2024-07-26,2024-08-05,2025-03-12,321087.26,321087.26,False,False,False,2024-25,10,219,310,True
100328,MP_3,District_3,Drinking Water,Standard public infrastructure work,Vendor_7,Government Agency,2024-06-30,2024-07-27,2025-03-16,216005.7,216005.7,False,False,False,2024-25,27,232,336,True
100329,MP_2,District_4,Drinking Water,Standard public infrastructure work,Vendor_18,Government Agency,2024-12-22,2025-01-01,2025-04-28,345338.12,345338.12,False,False,False,2024-25,10,117,161,True
100330,MP_9,District_1,School Infrastructure,Standard public infrastructure work,Vendor_1,Government Agency,2024-08-17,2024-10-10,2025-05-26,928877.02,928877.02,False,False,False,2024-25,54,228,288,True
100331,MP_8,District_3,School Infrastructure,Standard public infrastructure work,Vendor_3,Government Agency,2024-10-16,2024-11-06,2025-01-30,874429.15,874429.15,False,False,False,2024-25,21,85,228,True
100332,MP_7,District_2,School Infrastructure,Standard public infrastructure work,Vendor_14,Government Agency,2024-08-25,2024-09-18,2025-03-12,882780.87,882780.87,False,False,False,2024-25,24,175,280,True
100333,MP_7,District_4,Drinking Water,Standard public infrastructure work,Vendor_4,Government Agency,2025-01-05,2025-01-29,2025-11-11,368001.97,368001.97,False,False,False,2024-25,24,286,147,True
100334,MP_8,District_5,Street Lighting,Standard public infrastructure work,Vendor_2,Government Agency,2024-09-28,2024-10-11,2025-02-14,225514.08,225514.08,False,False,False,2024-25,13,126,246,True
100335,MP_8,District_4,School Infrastructure,Standard public infrastructure work,Vendor_5,Government Agency,2024-12-05,2025-01-14,2025-09-11,1063806.49,1063806.49,False,True,False,2024-25,40,240,178,True
100336,MP_6,District_5,Drinking Water,Standard public infrastructure work,Vendor_10,Government Agency,2024-05-08,2024-06-07,2024-10-05,273804.98,273804.98,False,False,False,2024-25,30,120,389,True
100337,MP_3,District_4,Drinking Water,Standard public infrastructure work,Vendor_5,Government Agency,2024-04-25,2024-05-17,2024-10-10,273538.26,273538.26,False,False,False,2024-25,22,146,402,True
100338,MP_3,District_1,Community Hall,Standard public infrastructure work,Vendor_15,Government Agency,2025-01-12,2025-02-11,2025-10-28,728298.78,728298.78,False,True,False,2024-25,30,259,140,True
100339,MP_10,District_2,Community Hall,Standard public infrastructure work,Vendor_2,Government Agency,2024-12-29,2025-01-16,2025-10-11,970684.38,970684.38,False,True,False,2024-25,18,268,154,True
100340,MP_4,District_4,Drinking Water,Standard public infrastructure work,Vendor_5,Government Agency,2024-06-27,2024-07-31,2024-11-18,301499.76,301499.76,False,False,False,2024-25,34,110,339,True
100341,MP_2,District_3,Drinking Water,Standard public infrastructure work,Vendor_15,Government Agency,2024-06-20,2024-07-22,2025-01-19,256972.04,256972.04,False,False,False,2024-25,32,181,346,True
100342,MP_2,District_3,Drinking Water,Standard public infrastructure work,Vendor_9,Government Agency,2024-09-22,2024-10-04,2025-02-21,241539.75,241539.75,False,False,False,2024-25,12,140,252,True
100343,MP_7,District_1,Drinking Water,Standard public infrastructure work,Vendor_3,Government Agency,2024-05-13,2024-06-17,2024-08-30,245000.47,245000.47,False,False,False,2024-25,35,74,384,True
100344,MP_4,District_3,Road Construction,Standard public infrastructure work,Vendor_1,Government Agency,2024-09-15,2024-09-28,2025-06-30,1189147.98,1189147.98,False,False,False,2024-25,13,275,259,True
100345,MP_3,District_5,Drinking Water,Standard public infrastructure work,Vendor_5,Government Agency,2024-08-25,2024-09-30,2025-02-16,320465.78,320465.78,False,False,False,2024-25,36,139,280,True
100346,MP_10,District_1,Street Lighting,Standard public infrastructure work,Vendor_4,Government Agency,2024-10-23,2024-11-23,2025-05-16,194156.87,194156.87,False,True,False,2024-25,31,174,221,True
100347,MP_8,District_3,Road Construction,Standard public infrastructure work,Vendor_16,Government Agency,2024-08-02,2024-08-30,2025-04-25,1382685.42,1382685.42,True,False,False,2024-25,28,238,303,True
100348,MP_1,District_1,Street Lighting,Standard public infrastructure work,Vendor_11,Government Agency,2024-06-08,2024-06-23,2024-11-26,236256.21,236256.21,False,False,False,2024-25,15,156,358,True
100349,MP_6,District_3,Drinking Water,Standard public infrastructure work,Vendor_18,Government Agency,2024-05-17,2024-07-13,2025-05-01,242394.36,242394.36,False,False,False,2024-25,57,292,380,True
100350,MP_7,District_4,Drinking Water,Standard public infrastructure work,Vendor_13,Government Agency,2024-12-04,2025-01-05,2025-03-19,331541.66,331541.66,False,False,False,2024-25,32,73,179,True
100351,MP_4,District_5,Road Construction,Standard public infrastructure work,Vendor_10,Government Agency,2024-10-19,2024-12-08,2025-04-03,1353927.61,1353927.61,True,False,False,2024-25,50,116,225,True
100352,MP_1,District_2,Road Construction,Standard public infrastructure work,Vendor_5,Government Agency,2024-09-24,2024-10-21,2025-07-25,1207897.49,1207897.49,False,False,False,2024-25,27,277,250,True
100353,MP_7,District_3,Community Hall,Standard public infrastructure work,Vendor_10,Government Agency,2025-01-05,2025-02-17,2025-07-15,845439.95,845439.95,False,False,False,2024-25,43,148,147,True
100354,MP_10,District_2,Community Hall,Standard public infrastructure work,Vendor_7,Government Agency,2025-01-15,2025-02-13,2025-07-30,786004.41,786004.41,False,True,False,2024-25,29,167,137,True
100355,MP_6,District_3,Community Hall,Standard public infrastructure work,Vendor_10,Government Agency,2024-07-09,2024-07-27,2025-05-07,713229.47,713229.47,False,False,False,2024-25,18,284,327,True
100356,MP_2,District_5,Street Lighting,Standard public infrastructure work,Vendor_1,Government Agency,2024-12-04,2024-12-28,2025-04-25,244979.17,244979.17,False,False,False,2024-25,24,118,179,True
100357,MP_6,District_4,Road Construction,Standard public infrastructure work,Vendor_13,Government Agency,2024-08-15,2024-09-21,2025-05-31,1018743.69,1018743.69,True,False,False,2024-25,37,252,290,True
100358,MP_4,District_3,Drinking Water,Standard public infrastructure work,Vendor_10,Government Agency,2024-08-23,2024-10-13,2025-05-20,350595.9,350595.9,False,False,False,2024-25,51,219,282,True
100359,MP_10,District_2,Community Hall,Standard public infrastructure work,Vendor_18,Government Agency,2024-12-27,2025-02-09,2025-07-03,759910.73,759910.73,False,False,False,2024-25,44,144,156,True
100360,MP_4,District_5,Community Hall,Standard public infrastructure work,Vendor_9,Government Agency,2024-05-09,2024-06-28,2025-02-12,831662.2,831662.2,False,False,False,2024-25,50,229,388,True
100361,MP_1,District_5,Street Lighting,Standard public infrastructure work,Vendor_15,Government Agency,2025-01-21,2025-03-04,2025-08-20,192834.42,192834.42,False,False,False,2024-25,42,169,131,True
100362,MP_2,District_3,Road Construction,Standard public infrastructure work,Vendor_1,Government Agency,2024-09-11,2024-11-07,2025-05-23,1095590.42,1095590.42,False,False,False,2024-25,57,197,263,True
100363,MP_8,District_3,Road Construction,Standard public infrastructure work,Vendor_6,Government Agency,2024-10-26,2024-11-05,2025-05-03,1243092.81,1243092.81,False,False,False,2024-25,10,179,218,True
100364,MP_9,District_5,Community Hall,Standard public infrastructure work,Vendor_7,Government Agency,2024-12-14,2025-01-29,2025-08-13,705681.68,705681.68,True,False,False,2024-25,46,196,169,True
100365,MP_10,District_3,Community Hall,Standard public infrastructure work,Vendor_6,Government Agency,2024-07-01,2024-08-19,2025-03-30,634274.65,634274.65,False,False,False,2024-25,49,223,335,True
100366,MP_2,District_2,Community Hall,Standard public infrastructure work,Vendor_13,Government Agency,2024-08-07,2024-09-28,2025-01-19,803046.61,803046.61,True,False,False,2024-25,52,113,298,True
100367,MP_7,District_3,Road Construction,Standard public infrastructure work,Vendor_1,Government Agency,2024-10-19,2024-12-05,2025-03-12,854458.83,854458.83,True,False,False,2024-25,47,97,225,True
100368,MP_5,District_2,Community Hall,Standard public infrastructure work,Vendor_13,Government Agency,2025-01-08,2025-01-21,2025-05-29,774928.58,774928.58,True,False,False,2024-25,13,128,144,True
100369,MP_8,District_2,Drinking Water,Standard public infrastructure work,Vendor_20,Government Agency,2024-05-25,2024-06-27,2025-01-25,357056.5,357056.5,False,False,False,2024-25,33,212,372,True
100370,MP_5,District_4,Road Construction,Standard public infrastructure work,Vendor_17,Government Agency,2024-07-18,2024-08-29,2025-02-17,1327374.56,1327374.56,True,False,False,2024-25,42,172,318,True
100371,MP_3,District_1,School Infrastructure,Standard public infrastructure work,Vendor_10,Government Agency,2024-10-31,2024-12-02,2025-08-27,901220.16,901220.16,False,False,False,2024-25,32,268,213,True
100372,MP_9,District_5,School Infrastructure,Standard public infrastructure work,Vendor_13,Government Agency,2024-06-24,2024-08-20,2025-03-18,796452.63,796452.63,False,False,False,2024-25,57,210,342,True
100373,MP_2,District_5,Street Lighting,Standard public infrastructure work,Vendor_18,Government Agency,2024-08-04,2024-09-12,2025-04-09,305413.07,305413.07,False,False,False,2024-25,39,209,301,True
100374,MP_10,District_3,Road Construction,Standard public infrastructure work,Vendor_10,Government Agency,2024-09-14,2024-10-27,2025-07-14,1401398.69,1401398.69,False,False,False,2024-25,43,260,260,True
100375,MP_7,District_3,Street Lighting,Standard public infrastructure work,Vendor_8,Government Agency,2024-04-19,2024-06-10,2024-12-23,318772.1,318772.1,False,False,False,2024-25,52,196,408,True
100376,MP_3,District_2,Road Construction,Standard public infrastructure work,Vendor_1,Government Agency,2024-10-22,2024-11-13,2025-05-20,1088779.36,1088779.36,False,False,False,2024-25,22,188,222,True
100377,MP_1,District_5,School Infrastructure,Standard public infrastructure work,Vendor_7,Government Agency,2025-01-07,2025-02-09,2025-05-05,756659.56,756659.56,False,False,False,2024-25,33,85,145,True
100378,MP_1,District_3,Road Construction,Standard public infrastructure work,Vendor_17,Government Agency,2025-01-07,2025-01-19,2025-10-12,1384985.03,1384985.03,False,False,False,2024-25,12,266,145,True
100379,MP_9,District_4,Drinking Water,Standard public infrastructure work,Vendor_1,Government Agency,2024-07-27,2024-09-03,2025-01-26,314410.22,314410.22,False,False,False,2024-25,38,145,309,True
100380,MP_9,District_5,Community Hall,Standard public infrastructure work,Vendor_19,Government Agency,2024-05-18,2024-06-26,2024-10-20,703995.37,703995.37,False,False,False,2024-25,39,116,379,True
100381,MP_2,District_4,Drinking Water,Standard public infrastructure work,Vendor_8,Government Agency,2024-09-20,2024-11-04,2025-03-22,297141.39,297141.39,True,False,False,2024-25,45,138,254,True
100382,MP_2,District_2,School Infrastructure,Standard public infrastructure work,Vendor_13,Government Agency,2024-08-10,2024-09-02,2025-01-03,798641.28,798641.28,False,False,False,2024-25,23,123,295,True
100383,MP_4,District_3,Road Construction,Standard public infrastructure work,Vendor_11,Government Agency,2024-12-12,2025-01-22,2025-06-21,1183149.77,1183149.77,False,False,False,2024-25,41,150,171,True
100384,MP_1,District_1,Street Lighting,Standard public infrastructure work,Vendor_2,Government Agency,2025-01-20,2025-02-23,2025-10-04,260070.02,260070.02,False,False,False,2024-25,34,223,132,True
100385,MP_10,District_4,Drinking Water,Standard public infrastructure work,Vendor_3,Government Agency,2024-06-10,2024-07-26,2025-04-22,368085.42,368085.42,False,False,False,2024-25,46,270,356,True
100386,MP_9,District_4,School Infrastructure,Standard public infrastructure work,Vendor_17,Government Agency,2024-12-01,2024-12-31,2025-05-03,986301.39,986301.39,False,False,False,2024-25,30,123,182,True
100387,MP_6,District_2,Street Lighting,Standard public infrastructure work,Vendor_10,Government Agency,2024-05-29,2024-06-20,2024-08-29,195017.21,195017.21,False,False,False,2024-25,22,70,368,True
100388,MP_9,District_5,Community Hall,Standard public infrastructure work,Vendor_2,Government Agency,2024-04-02,2024-05-25,2024-12-09,902077.72,902077.72,True,True,False,2024-25,53,198,425,True
100389,MP_2,District_4,Community Hall,Standard public infrastructure work,Vendor_18,Government Agency,2024-11-25,2025-01-05,2025-06-26,781190.95,781190.95,False,False,False,2024-25,41,172,188,True
100390,MP_3,District_3,School Infrastructure,Standard public infrastructure work,Vendor_1,Government Agency,2025-01-03,2025-02-02,2025-08-02,1075151.89,1075151.89,False,False,False,2024-25,30,181,149,True
100391,MP_10,District_5,Street Lighting,Standard public infrastructure work,Vendor_6,Government Agency,2024-09-08,2024-10-11,2025-03-03,254288.01,254288.01,False,False,False,2024-25,33,143,266,True
100392,MP_8,District_1,School Infrastructure,Standard public infrastructure work,Vendor_6,Government Agency,2024-09-23,2024-10-17,2024-12-20,1026277.93,1026277.93,False,False,False,2024-25,24,64,251,True
100393,MP_6,District_1,Community Hall,Standard public infrastructure work,Vendor_8,Government Agency,2024-12-14,2025-01-21,2025-10-06,775508.8,775508.8,False,False,False,2024-25,38,258,169,True
100394,MP_8,District_3,Drinking Water,Standard public infrastructure work,Vendor_6,Government Agency,2024-09-10,2024-10-21,2025-02-18,352262.95,352262.95,False,False,False,2024-25,41,120,264,True
100395,MP_1,District_3,Street Lighting,Standard public infrastructure work,Vendor_11,Government Agency,2025-01-16,2025-02-15,2025-10-14,219577.86,219577.86,False,False,False,2024-25,30,241,136,True
100396,MP_6,District_2,Drinking Water,Standard public infrastructure work,Vendor_4,Government Agency,2024-04-25,2024-05-20,2025-01-31,348213.51,348213.51,False,False,False,2024-25,25,256,402,True
100397,MP_4,District_5,School Infrastructure,Standard public infrastructure work,Vendor_19,Government Agency,2025-01-01,2025-02-22,2025-11-02,1172706.63,1172706.63,False,False,False,2024-25,52,253,151,True
100398,MP_3,District_3,Road Construction,Standard public infrastructure work,Vendor_5,Government Agency,2024-09-17,2024-10-17,2024-12-27,1107766.72,1107766.72,False,False,False,2024-25,30,71,257,True
100399,MP_4,District_1,Community Hall,Standard public infrastructure work,Vendor_11,Government Agency,2024-06-14,2024-07-11,2025-02-10,1066402.25,1066402.25,False,False,False,2024-25,27,214,352,True
100400,MP_5,District_4,Road Construction,Standard public infrastructure work,Vendor_5,Government Agency,2024-05-29,2024-10-16,2025-05-04,1100000.0,1100000.0,False,False,False,2024-25,140,200,368,True
100401,MP_9,District_1,Road Construction,Standard public infrastructure work,Vendor_10,Government Agency,2024-06-03,2024-10-21,2025-05-09,1100000.0,1100000.0,False,False,False,2024-25,140,200,363,True
100402,MP_7,District_4,Road Construction,Standard public infrastructure work,Vendor_1,Government Agency,2024-08-21,2025-01-08,2025-07-27,1100000.0,1100000.0,False,False,False,2024-25,140,200,284,True
100403,MP_8,District_4,Road Construction,Standard public infrastructure work,Vendor_18,Government Agency,2024-10-26,2025-03-15,2025-10-01,1100000.0,1100000.0,False,False,False,2024-25,140,200,218,True
100404,MP_2,District_4,Road Construction,Standard public infrastructure work,Vendor_18,Government Agency,2024-07-21,2024-12-08,2025-06-26,1100000.0,1100000.0,False,False,False,2024-25,140,200,315,True
100405,MP_1,District_3,Road Construction,Standard public infrastructure work,Vendor_11,Government Agency,2024-10-24,2025-03-13,2025-09-29,1100000.0,1100000.0,False,False,False,2024-25,140,200,220,True
100406,MP_8,District_4,Road Construction,Standard public infrastructure work,Vendor_6,Government Agency,2024-08-09,2024-12-27,2025-07-15,1100000.0,1100000.0,False,False,False,2024-25,140,200,296,True
100407,MP_8,District_2,Road Construction,Standard public infrastructure work,Vendor_13,Government Agency,2025-01-18,2025-06-07,2025-12-24,1100000.0,1100000.0,False,False,False,2024-25,140,200,134,True
100408,MP_1,District_2,Community Hall,Standard public infrastructure work,Vendor_4,Government Agency,2024-04-26,2024-05-26,2026-01-16,800000.0,800000.0,False,False,False,2024-25,30,600,401,True
100409,MP_8,District_4,Community Hall,Standard public infrastructure work,Vendor_8,Government Agency,2025-01-24,2025-02-23,2026-10-16,800000.0,800000.0,False,False,False,2024-25,30,600,128,True
100410,MP_6,District_4,Community Hall,Standard public infrastructure work,Vendor_8,Government Agency,2024-04-29,2024-05-29,2026-01-19,800000.0,800000.0,False,False,False,2024-25,30,600,398,True
100411,MP_8,District_2,Community Hall,Standard public infrastructure work,Vendor_17,Government Agency,2024-08-06,2024-09-05,2026-04-28,800000.0,800000.0,False,False,False,2024-25,30,600,299,True
100412,MP_4,District_4,Community Hall,Standard public infrastructure work,Vendor_16,Government Agency,2024-11-21,2024-12-21,2026-08-13,800000.0,800000.0,False,False,False,2024-25,30,600,192,True
100413,MP_7,District_5,Community Hall,Standard public infrastructure work,Vendor_15,Government Agency,2024-09-02,2024-10-02,2026-05-25,800000.0,800000.0,False,False,False,2024-25,30,600,272,True
100414,MP_1,District_1,Road Construction,Standard public infrastructure work,Vendor_9,Government Agency,2024-09-26,2024-10-16,2025-01-24,16666666.666666666,16666666.666666666,False,False,False,2024-25,20,100,248,True
100415,MP_1,District_1,Road Construction,Standard public infrastructure work,Vendor_20,Government Agency,2025-01-18,2025-02-07,2025-05-18,16666666.666666666,16666666.666666666,False,False,False,2024-25,20,100,134,True
100416,MP_1,District_1,Road Construction,Standard public infrastructure work,Vendor_10,Government Agency,2024-11-25,2024-12-15,2025-03-25,16666666.666666666,16666666.666666666,False,False,False,2024-25,20,100,188,True
100417,MP_1,District_1,Road Construction,Standard public infrastructure work,Vendor_8,Government Agency,2024-10-24,2024-11-13,2025-02-21,16666666.666666666,16666666.666666666,False,False,False,2024-25,20,100,220,True
100418,MP_1,District_1,Road Construction,Standard public infrastructure work,Vendor_14,Government Agency,2025-01-01,2025-01-21,2025-05-01,16666666.666666666,16666666.666666666,False,False,False,2024-25,20,100,151,True
100419,MP_1,District_1,Road Construction,Standard public infrastructure work,Vendor_7,Government Agency,2024-07-28,2024-08-17,2024-11-25,16666666.666666666,16666666.666666666,False,False,False,2024-25,20,100,308,True
100420,MP_1,District_1,Street Lighting,Standard public infrastructure work,Vendor_10,Government Agency,2024-04-11,2024-05-01,2024-06-30,45000.0,45000.0,False,False,False,2024-25,20,60,416,True
100421,MP_2,District_2,Street Lighting,Standard public infrastructure work,Vendor_7,Government Agency,2024-05-28,2024-06-17,2024-08-16,45000.0,45000.0,False,False,False,2024-25,20,60,369,True
100422,MP_2,District_3,Street Lighting,Standard public infrastructure work,Vendor_20,Government Agency,2024-05-20,2024-06-09,2024-08-08,45000.0,45000.0,False,False,False,2024-25,20,60,377,True
100423,MP_6,District_2,Street Lighting,Standard public infrastructure work,Vendor_20,Government Agency,2024-12-27,2025-01-16,2025-03-17,45000.0,45000.0,False,False,False,2024-25,20,60,156,True
100424,MP_5,District_4,Street Lighting,Standard public infrastructure work,Vendor_3,Government Agency,2025-01-18,2025-02-07,2025-04-08,45000.0,45000.0,False,False,False,2024-25,20,60,134,True
100425,MP_9,District_4,Community Hall,Standard public infrastructure work,Vendor_TrustXYZ,Trust/Society,2024-05-26,2024-06-15,2024-09-23,1600000.0,1600000.0,False,False,False,2024-25,20,100,371,True
100426,MP_7,District_3,Community Hall,Standard public infrastructure work,Vendor_TrustXYZ,Trust/Society,2024-07-19,2024-08-08,2024-11-16,1600000.0,1600000.0,False,False,False,2024-25,20,100,317,True
100427,MP_8,District_5,Community Hall,Standard public infrastructure work,Vendor_TrustXYZ,Trust/Society,2024-05-26,2024-06-15,2024-09-23,1600000.0,1600000.0,False,False,False,2024-25,20,100,371,True
100428,MP_10,District_4,Community Hall,Standard public infrastructure work,Vendor_TrustXYZ,Trust/Society,2024-05-19,2024-06-08,2024-09-16,1600000.0,1600000.0,False,False,False,2024-25,20,100,378,True
100429,MP_4,District_5,Community Hall,Temple construction and renovation work,Vendor_13,Government Agency,2024-05-06,2024-05-26,2024-09-03,700000.0,700000.0,False,False,False,2024-25,20,100,391,True
100430,MP_5,District_2,Community Hall,Temple construction and renovation work,Vendor_4,Government Agency,2024-11-09,2024-11-29,2025-03-09,700000.0,700000.0,False,False,False,2024-25,20,100,204,True
100431,MP_2,District_2,Community Hall,Temple construction and renovation work,Vendor_11,Government Agency,2024-07-05,2024-07-25,2024-11-02,700000.0,700000.0,False,False,False,2024-25,20,100,331,True
100432,MP_5,District_2,Drinking Water,Standard public infrastructure work,Vendor_8,Government Agency,2024-08-06,2024-08-26,2024-12-04,4500000.0,4500000.0,False,False,False,2024-25,20,100,299,True
100433,MP_8,District_3,Drinking Water,Standard public infrastructure work,Vendor_12,Government Agency,2024-07-21,2024-08-10,2024-11-18,4500000.0,4500000.0,False,False,False,2024-25,20,100,315,True
100434,MP_7,District_1,Drinking Water,Standard public infrastructure work,Vendor_1,Government Agency,2024-12-03,2024-12-23,2025-04-02,4500000.0,4500000.0,False,False,False,2024-25,20,100,180,True
100435,MP_10,District_1,Drinking Water,Standard public infrastructure work,Vendor_10,Government Agency,2024-09-28,2024-10-18,2025-01-26,4500000.0,4500000.0,False,False,False,2024-25,20,100,246,True
100436,MP_8,District_2,Drinking Water,Standard public infrastructure work,Vendor_9,Government Agency,2025-01-03,2025-01-23,2025-05-03,4500000.0,4500000.0,False,False,False,2024-25,20,100,149,True
100437,MP_9,District_5,Road Construction,Standard public infrastructure work,Vendor_16,Government Agency,2024-07-15,2024-08-09,2024-11-17,770000.0,770000.0,False,False,False,2024-25,25,100,321,True
100438,MP_7,District_5,Road Construction,Standard public infrastructure work,Vendor_7,Government Agency,2024-05-02,2024-05-27,2024-09-04,700000.0,700000.0,False,False,False,2024-25,25,100,395,True
100439,MP_9,District_5,Road Construction,Standard public infrastructure work,Vendor_8,Government Agency,2024-11-04,2024-11-29,2025-03-09,700700.0,700700.0,False,False,False,2024-25,25,100,209,True
100440,MP_5,District_5,Road Construction,Standard public infrastructure work,Vendor_18,Government Agency,2024-10-25,2024-11-19,2025-02-27,700000.0,700000.0,False,False,False,2024-25,25,100,219,True
100441,MP_9,District_5,Road Construction,Standard public infrastructure work,Vendor_12,Government Agency,2024-05-08,2024-06-02,2024-09-10,700700.0,700700.0,False,False,False,2024-25,25,100,389,True
100442,MP_3,District_5,Road Construction,Standard public infrastructure work,Vendor_7,Government Agency,2024-11-13,2024-12-08,2025-03-18,700000.0,700000.0,False,False,False,2024-25,25,100,200,True
100443,MP_2,District_5,Road Construction,Standard public infrastructure work,Vendor_16,Government Agency,2025-01-20,2025-02-14,2025-05-25,777000.0,777000.0,False,False,False,2024-25,25,100,132,True
100444,MP_4,District_5,Road Construction,Standard public infrastructure work,Vendor_8,Government Agency,2024-11-15,2024-12-10,2025-03-20,700000.0,700000.0,False,False,False,2024-25,25,100,198,True
100445,MP_6,District_5,Road Construction,Standard public infrastructure work,Vendor_19,Government Agency,2024-10-05,2024-10-30,2025-02-07,700000.0,700000.0,False,False,False,2024-25,25,100,239,True
100446,MP_10,District_5,Road Construction,Standard public infrastructure work,Vendor_14,Government Agency,2024-08-10,2024-09-04,2024-12-13,777000.0,777000.0,False,False,False,2024-25,25,100,295,True
100447,MP_7,District_5,Road Construction,Standard public infrastructure work,Vendor_8,Government Agency,2024-09-07,2024-10-02,2025-01-10,700000.0,700000.0,False,False,False,2024-25,25,100,267,True
100448,MP_6,District_5,Road Construction,Standard public infrastructure work,Vendor_6,Government Agency,2024-11-06,2024-12-01,2025-03-11,700700.0,700700.0,False,False,False,2024-25,25,100,207,True
100449,MP_5,District_5,Road Construction,Standard public infrastructure work,Vendor_3,Government Agency,2024-08-09,2024-09-03,2024-12-12,700700.0,700700.0,False,False,False,2024-25,25,100,296,True
100450,MP_6,District_5,Road Construction,Standard public infrastructure work,Vendor_2,Government Agency,2024-07-05,2024-07-30,2024-11-07,700700.0,700700.0,False,False,False,2024-25,25,100,331,True
100451,MP_6,District_5,Road Construction,Standard public infrastructure work,Vendor_8,Government Agency,2024-06-11,2024-07-06,2024-10-14,777000.0,777000.0,False,False,False,2024-25,25,100,355,True
100452,MP_9,District_5,Road Construction,Standard public infrastructure work,Vendor_6,Government Agency,2024-05-02,2024-05-27,2024-09-04,770000.0,770000.0,False,False,False,2024-25,25,100,395,True
100453,MP_3,District_5,Road Construction,Standard public infrastructure work,Vendor_10,Government Agency,2024-12-12,2025-01-06,2025-04-16,777000.0,777000.0,False,False,False,2024-25,25,100,171,True
100454,MP_1,District_5,Road Construction,Standard public infrastructure work,Vendor_5,Government Agency,2024-08-05,2024-08-30,2024-12-08,770000.0,770000.0,False,False,False,2024-25,25,100,300,True
100455,MP_9,District_5,Road Construction,Standard public infrastructure work,Vendor_20,Government Agency,2024-04-13,2024-05-08,2024-08-16,777000.0,777000.0,False,False,False,2024-25,25,100,414,True
100456,MP_10,District_5,Road Construction,Standard public infrastructure work,Vendor_18,Government Agency,2025-01-01,2025-01-26,2025-05-06,700000.0,700000.0,False,False,False,2024-25,25,100,151,True
100457,MP_4,District_5,Road Construction,Standard public infrastructure work,Vendor_13,Government Agency,2024-12-29,2025-01-23,2025-05-03,700000.0,700000.0,False,False,False,2024-25,25,100,154,True
100458,MP_8,District_5,Road Construction,Standard public infrastructure work,Vendor_8,Government Agency,2024-11-05,2024-11-30,2025-03-10,770000.0,770000.0,False,False,False,2024-25,25,100,208,True
100459,MP_7,District_5,Road Construction,Standard public infrastructure work,Vendor_14,Government Agency,2024-12-20,2025-01-14,2025-04-24,700700.0,700700.0,False,False,False,2024-25,25,100,163,True
100460,MP_10,District_5,Road Construction,Standard public infrastructure work,Vendor_15,Government Agency,2024-12-25,2025-01-19,2025-04-29,777000.0,777000.0,False,False,False,2024-25,25,100,158,True
100461,MP_7,District_5,Road Construction,Standard public infrastructure work,Vendor_5,Government Agency,2024-09-03,2024-09-28,2025-01-06,700000.0,700000.0,False,False,False,2024-25,25,100,271,True
100462,MP_9,District_5,Road Construction,Standard public infrastructure work,Vendor_16,Government Agency,2024-04-02,2024-04-27,2024-08-05,777000.0,777000.0,False,False,False,2024-25,25,100,425,True
100463,MP_6,District_5,Road Construction,Standard public infrastructure work,Vendor_18,Government Agency,2025-01-11,2025-02-05,2025-05-16,777000.0,777000.0,False,False,False,2024-25,25,100,141,True
100464,MP_7,District_5,Road Construction,Standard public infrastructure work,Vendor_13,Government Agency,2024-11-07,2024-12-02,2025-03-12,700700.0,700700.0,False,False,False,2024-25,25,100,206,True
100465,MP_2,District_5,Road Construction,Standard public infrastructure work,Vendor_13,Government Agency,2024-07-03,2024-07-28,2024-11-05,777000.0,777000.0,False,False,False,2024-25,25,100,333,True
100466,MP_5,District_5,Road Construction,Standard public infrastructure work,Vendor_16,Government Agency,2024-07-25,2024-08-19,2024-11-27,777000.0,777000.0,False,False,False,2024-25,25,100,311,True
100467,MP_9,District_5,Road Construction,Standard public infrastructure work,Vendor_20,Government Agency,2024-05-23,2024-06-17,2024-09-25,770000.0,770000.0,False,False,False,2024-25,25,100,374,True
100468,MP_7,District_5,Road Construction,Standard public infrastructure work,Vendor_20,Government Agency,2024-08-15,2024-09-09,2024-12-18,770000.0,770000.0,False,False,False,2024-25,25,100,290,True
100469,MP_6,District_5,Road Construction,Standard public infrastructure work,Vendor_15,Government Agency,2024-05-14,2024-06-08,2024-09-16,700000.0,700000.0,False,False,False,2024-25,25,100,383,True
100470,MP_3,District_5,Road Construction,Standard public infrastructure work,Vendor_11,Government Agency,2024-10-25,2024-11-19,2025-02-27,770000.0,770000.0,False,False,False,2024-25,25,100,219,True
100471,MP_9,District_5,Road Construction,Standard public infrastructure work,Vendor_15,Government Agency,2024-11-23,2024-12-18,2025-03-28,700700.0,700700.0,False,False,False,2024-25,25,100,190,True
